Interaction_ID,Buyer_ID,Photographer_ID,Search_Keyword,Profile_View,Clicks,Portfolio_Interactions,Inquiry_Made,Booking_Status,Timestamp
1,153,158,Fashion,Yes,10,1,No,Booked,2023-05-03
2,157,30,Birthday,No,2,4,No,Cancelled,2023-11-02
3,71,148,Graduation,No,2,3,Yes,Pending,2023-03-27
4,251,74,Birthday,Yes,5,3,Yes,Cancelled,2023-01-05
5,249,35,Birthday,No,8,4,No,Cancelled,2023-12-17
6,252,107,Graduation,No,2,0,Yes,Booked,2023-05-30
7,17,71,Birthday,No,2,3,No,Pending,2023-09-19
8,58,147,Wedding,No,8,2,Yes,Pending,2023-08-14
9,280,56,Graduation,Yes,10,1,No,Booked,2023-08-19
10,135,90,Wedding,No,1,1,Yes,Pending,2023-10-29
11,180,182,Fashion,No,2,4,Yes,Booked,2023-04-16
12,31,146,Corporate,No,9,4,Yes,Cancelled,2023-12-27
13,150,75,Fashion,No,8,5,Yes,Booked,2023-07-30
14,31,71,Birthday,Yes,3,1,No,Booked,2023-12-13
15,202,126,Birthday,No,10,3,No,Cancelled,2023-02-08
16,48,104,Fashion,No,5,3,No,Cancelled,2023-10-25
17,2,199,Wedding,No,10,5,No,Booked,2023-10-01
18,204,56,Graduation,Yes,7,2,No,Cancelled,2023-06-22
19,281,148,Birthday,No,5,5,Yes,Booked,2023-02-20
20,236,5,Wedding,Yes,7,3,Yes,Cancelled,2023-04-14
21,68,167,Corporate,Yes,4,0,No,Cancelled,2023-02-12
22,191,171,Birthday,Yes,6,5,No,Pending,2023-12-25
23,120,110,Wedding,Yes,0,1,No,Booked,2023-03-09
24,116,133,Graduation,Yes,0,5,No,Booked,2023-08-05
25,68,123,Wedding,Yes,6,0,Yes,Booked,2023-06-10
26,189,77,Birthday,No,2,5,Yes,Booked,2023-09-29
27,289,3,Fashion,Yes,7,2,Yes,Pending,2023-03-19
28,211,158,Graduation,Yes,1,0,Yes,Booked,2023-10-29
29,197,90,Graduation,No,2,1,No,Pending,2023-02-13
30,128,142,Fashion,No,0,5,No,Booked,2023-09-23
31,261,49,Graduation,No,10,0,Yes,Cancelled,2023-07-17
32,58,62,Graduation,Yes,8,0,No,Cancelled,2023-03-09
33,199,146,Graduation,No,8,5,Yes,Cancelled,2023-02-07
34,9,151,Wedding,Yes,4,1,Yes,Booked,2023-07-23
35,260,74,Fashion,No,6,5,No,Booked,2023-11-24
36,275,138,Fashion,Yes,4,0,No,Booked,2023-09-19
37,105,40,Fashion,No,6,4,Yes,Cancelled,2023-12-24
38,224,187,Birthday,Yes,3,0,No,Booked,2023-08-21
39,29,80,Birthday,Yes,0,5,Yes,Pending,2023-01-06
40,84,128,Corporate,No,2,2,Yes,Pending,2023-05-18
41,61,198,Wedding,No,6,2,Yes,Cancelled,2023-12-31
42,296,161,Wedding,No,7,4,No,Booked,2023-09-13
43,291,43,Corporate,Yes,4,0,Yes,Booked,2023-09-18
44,2,12,Wedding,Yes,0,3,No,Cancelled,2023-03-18
45,92,10,Fashion,No,3,2,Yes,Cancelled,2023-06-13
46,139,20,Fashion,No,1,4,Yes,Booked,2023-04-25
47,265,12,Graduation,Yes,7,2,No,Cancelled,2023-02-14
48,284,117,Wedding,No,3,2,No,Pending,2023-11-15
49,125,119,Corporate,No,3,5,Yes,Booked,2023-01-04
50,210,7,Birthday,No,10,5,Yes,Cancelled,2023-01-01
51,193,189,Corporate,Yes,3,4,Yes,Cancelled,2023-09-09
52,31,37,Corporate,Yes,0,1,No,Pending,2023-07-10
53,235,192,Wedding,Yes,8,1,No,Booked,2023-10-31
54,291,16,Graduation,Yes,3,2,No,Cancelled,2023-07-21
55,168,82,Graduation,No,3,0,Yes,Booked,2023-10-27
56,56,40,Wedding,Yes,7,3,No,Cancelled,2023-03-03
57,275,92,Birthday,No,4,3,No,Booked,2023-02-16
58,81,176,Corporate,Yes,3,2,Yes,Booked,2023-12-31
59,128,92,Graduation,Yes,10,2,No,Booked,2023-01-16
60,208,116,Fashion,Yes,1,3,Yes,Booked,2023-03-04
61,7,16,Birthday,Yes,3,3,No,Pending,2023-11-19
62,44,150,Fashion,No,1,0,Yes,Booked,2023-11-27
63,228,33,Wedding,No,1,0,No,Booked,2023-03-28
64,294,111,Graduation,No,0,3,No,Booked,2023-07-01
65,110,48,Corporate,No,7,1,Yes,Pending,2023-11-14
66,126,166,Corporate,No,6,4,No,Booked,2023-02-14
67,144,99,Birthday,No,3,5,Yes,Pending,2023-10-06
68,10,98,Corporate,No,8,3,No,Pending,2023-09-15
69,165,100,Corporate,Yes,0,2,Yes,Booked,2023-05-24
70,30,121,Fashion,No,9,1,Yes,Booked,2023-05-07
71,124,69,Fashion,Yes,3,4,No,Cancelled,2023-03-30
72,91,61,Fashion,No,5,4,Yes,Pending,2023-12-25
73,181,146,Fashion,Yes,9,1,No,Pending,2023-06-08
74,90,126,Wedding,Yes,0,1,Yes,Booked,2023-09-27
75,245,1,Corporate,Yes,2,2,Yes,Cancelled,2023-01-31
76,12,38,Fashion,Yes,1,4,No,Booked,2023-07-11
77,203,151,Wedding,No,4,2,Yes,Booked,2023-08-12
78,250,167,Corporate,Yes,8,5,No,Booked,2023-12-07
79,90,97,Corporate,No,2,1,Yes,Pending,2023-10-21
80,201,198,Fashion,Yes,2,4,No,Pending,2023-04-24
81,290,27,Graduation,Yes,5,5,Yes,Booked,2023-06-27
82,164,43,Wedding,No,7,0,No,Booked,2023-05-08
83,35,90,Corporate,Yes,0,0,No,Cancelled,2023-08-03
84,86,106,Graduation,No,5,4,No,Booked,2023-09-03
85,296,167,Birthday,Yes,7,0,Yes,Cancelled,2023-01-11
86,164,67,Wedding,Yes,5,1,No,Booked,2023-02-08
87,281,24,Corporate,No,0,3,Yes,Pending,2023-08-11
88,81,14,Wedding,No,3,1,No,Pending,2023-10-11
89,277,68,Corporate,No,3,0,Yes,Cancelled,2023-10-20
90,282,126,Birthday,Yes,5,0,No,Booked,2023-05-31
91,246,52,Wedding,Yes,3,1,No,Booked,2023-08-31
92,60,79,Graduation,No,7,5,No,Booked,2023-11-25
93,279,100,Birthday,No,6,2,Yes,Cancelled,2023-01-23
94,135,113,Graduation,No,3,2,Yes,Booked,2023-12-23
95,50,22,Corporate,No,9,1,Yes,Cancelled,2023-09-25
96,215,138,Graduation,Yes,7,2,Yes,Cancelled,2024-01-01
97,18,129,Fashion,Yes,1,3,Yes,Booked,2023-04-19
98,99,33,Wedding,No,1,5,No,Booked,2023-11-18
99,76,153,Corporate,No,1,0,No,Pending,2023-07-23
100,283,84,Corporate,No,0,5,No,Booked,2023-08-01
101,77,38,Fashion,Yes,1,4,Yes,Cancelled,2023-10-02
102,177,106,Corporate,No,10,3,No,Booked,2023-03-30
103,142,104,Birthday,No,0,3,No,Pending,2023-05-02
104,26,191,Graduation,No,5,0,No,Cancelled,2023-06-09
105,144,126,Wedding,Yes,2,2,No,Cancelled,2023-05-18
106,214,155,Wedding,Yes,7,1,No,Pending,2023-09-06
107,265,96,Wedding,Yes,1,2,No,Booked,2023-09-26
108,292,8,Birthday,Yes,3,0,Yes,Booked,2023-08-22
109,26,93,Birthday,No,5,3,No,Pending,2023-03-05
110,16,62,Corporate,No,9,3,Yes,Cancelled,2023-10-28
111,283,90,Corporate,Yes,4,5,Yes,Cancelled,2023-01-15
112,198,13,Birthday,Yes,3,5,Yes,Pending,2023-04-16
113,138,167,Graduation,Yes,10,0,No,Booked,2023-11-28
114,89,154,Wedding,Yes,4,4,No,Pending,2023-12-30
115,141,109,Graduation,No,7,2,Yes,Cancelled,2023-06-04
116,267,160,Graduation,Yes,0,4,No,Pending,2023-11-28
117,145,77,Wedding,No,1,2,No,Pending,2023-06-16
118,142,67,Corporate,Yes,2,4,Yes,Booked,2023-11-04
119,207,170,Corporate,Yes,0,5,No,Cancelled,2023-05-13
120,215,104,Graduation,Yes,9,5,Yes,Cancelled,2024-01-01
121,114,176,Fashion,No,10,2,No,Booked,2023-12-03
122,286,47,Corporate,Yes,7,1,No,Pending,2023-10-14
123,94,175,Corporate,Yes,3,2,Yes,Pending,2023-06-07
124,216,85,Corporate,No,9,2,No,Booked,2023-08-29
125,28,163,Fashion,Yes,7,1,Yes,Pending,2023-07-15
126,272,77,Graduation,Yes,2,1,Yes,Cancelled,2023-07-29
127,292,118,Birthday,No,2,0,No,Cancelled,2023-11-20
128,91,81,Wedding,Yes,7,2,Yes,Booked,2023-10-23
129,82,126,Wedding,Yes,9,3,No,Cancelled,2023-08-08
130,245,99,Wedding,Yes,8,1,No,Booked,2023-06-14
131,272,49,Wedding,Yes,10,5,Yes,Booked,2023-12-22
132,177,80,Birthday,Yes,6,4,No,Booked,2023-02-03
133,24,77,Corporate,No,8,4,No,Cancelled,2023-12-18
134,69,88,Graduation,No,3,1,No,Booked,2023-04-27
135,115,187,Birthday,Yes,0,4,Yes,Booked,2023-07-07
136,20,97,Corporate,Yes,9,0,Yes,Pending,2023-01-11
137,25,177,Wedding,No,7,3,Yes,Pending,2023-05-10
138,243,180,Birthday,Yes,10,5,Yes,Cancelled,2023-08-04
139,52,170,Fashion,No,9,4,Yes,Cancelled,2023-02-23
140,262,185,Fashion,Yes,4,0,Yes,Cancelled,2023-04-12
141,103,200,Corporate,Yes,5,5,No,Cancelled,2023-03-24
142,21,141,Graduation,Yes,7,2,Yes,Booked,2023-01-07
143,46,29,Fashion,No,2,0,Yes,Pending,2023-02-21
144,132,165,Birthday,No,4,2,No,Booked,2023-02-21
145,90,11,Corporate,No,10,2,No,Pending,2023-03-01
146,49,195,Wedding,Yes,2,5,Yes,Cancelled,2023-07-03
147,225,160,Corporate,Yes,5,2,Yes,Booked,2023-07-25
148,205,117,Corporate,No,7,3,Yes,Booked,2023-03-09
149,31,41,Wedding,No,9,3,No,Booked,2023-11-09
150,195,200,Corporate,Yes,10,5,Yes,Cancelled,2023-09-07
151,58,106,Graduation,Yes,1,2,No,Booked,2023-12-27
152,269,197,Fashion,Yes,10,2,Yes,Cancelled,2023-12-05
153,128,124,Corporate,No,2,4,Yes,Booked,2023-11-26
154,81,130,Graduation,No,2,0,No,Cancelled,2023-05-04
155,170,72,Wedding,Yes,8,5,No,Cancelled,2023-05-01
156,41,118,Graduation,No,1,3,No,Cancelled,2023-03-02
157,255,191,Wedding,Yes,6,3,Yes,Pending,2023-10-09
158,1,24,Fashion,No,8,4,Yes,Pending,2023-12-10
159,234,88,Corporate,Yes,3,3,No,Pending,2023-11-14
160,243,184,Corporate,No,1,0,Yes,Booked,2023-06-24
161,182,163,Corporate,No,1,0,Yes,Cancelled,2023-03-13
162,210,28,Corporate,Yes,3,0,No,Booked,2023-08-23
163,98,184,Corporate,Yes,6,0,Yes,Cancelled,2023-08-23
164,259,35,Graduation,Yes,8,5,Yes,Pending,2023-08-10
165,300,124,Fashion,Yes,9,1,Yes,Booked,2023-07-18
166,165,130,Graduation,No,9,5,Yes,Cancelled,2023-07-23
167,176,76,Graduation,Yes,2,3,No,Pending,2023-10-08
168,161,183,Fashion,Yes,3,1,No,Pending,2023-06-26
169,68,182,Birthday,No,1,2,No,Pending,2023-10-20
170,214,173,Fashion,No,6,0,Yes,Booked,2023-07-15
171,75,14,Wedding,Yes,4,1,No,Pending,2023-05-09
172,75,16,Corporate,Yes,8,0,No,Cancelled,2023-02-22
173,288,58,Fashion,No,3,4,No,Pending,2023-12-07
174,25,98,Graduation,No,10,2,Yes,Booked,2023-05-09
175,104,159,Graduation,Yes,10,5,No,Pending,2023-10-07
176,101,199,Birthday,No,7,1,Yes,Booked,2023-03-30
177,264,31,Graduation,Yes,6,2,No,Booked,2023-03-24
178,300,66,Wedding,No,7,5,Yes,Booked,2023-03-20
179,166,153,Wedding,No,7,4,No,Booked,2023-12-29
180,163,135,Birthday,Yes,8,0,Yes,Cancelled,2023-10-06
181,275,104,Wedding,No,3,1,No,Cancelled,2023-07-04
182,151,56,Fashion,No,8,5,Yes,Booked,2023-12-09
183,178,115,Birthday,Yes,0,5,No,Cancelled,2023-02-28
184,198,66,Fashion,No,0,4,No,Pending,2023-09-18
185,229,125,Wedding,No,10,1,No,Pending,2023-02-12
186,50,43,Fashion,Yes,10,0,Yes,Pending,2023-11-19
187,110,176,Graduation,Yes,3,4,No,Pending,2023-02-06
188,79,7,Graduation,No,0,0,Yes,Booked,2023-04-02
189,129,143,Wedding,Yes,4,3,No,Cancelled,2023-11-19
190,208,111,Corporate,Yes,6,5,Yes,Pending,2023-01-04
191,33,194,Fashion,Yes,1,2,Yes,Cancelled,2023-12-18
192,155,156,Wedding,No,7,3,No,Pending,2023-01-16
193,243,41,Fashion,Yes,2,5,No,Pending,2023-06-01
194,74,77,Corporate,Yes,8,4,Yes,Booked,2023-01-22
195,3,147,Fashion,No,8,4,Yes,Cancelled,2023-04-18
196,177,55,Graduation,Yes,2,1,Yes,Pending,2023-05-10
197,100,30,Birthday,Yes,8,3,Yes,Cancelled,2023-12-10
198,35,65,Wedding,Yes,9,3,No,Cancelled,2023-03-07
199,121,26,Corporate,Yes,3,2,No,Cancelled,2023-06-18
200,157,178,Fashion,Yes,9,4,No,Cancelled,2023-08-08
201,87,2,Corporate,Yes,3,5,No,Cancelled,2023-07-04
202,69,174,Corporate,No,7,3,No,Cancelled,2023-09-07
203,283,28,Birthday,Yes,4,1,Yes,Cancelled,2023-11-17
204,40,187,Wedding,Yes,8,5,Yes,Pending,2023-10-24
205,208,197,Fashion,Yes,0,4,No,Pending,2023-10-04
206,242,168,Birthday,No,6,1,No,Booked,2023-08-26
207,257,131,Wedding,No,5,4,Yes,Pending,2023-05-03
208,85,194,Fashion,Yes,7,1,Yes,Pending,2023-10-17
209,75,189,Graduation,No,0,1,No,Booked,2023-02-02
210,136,95,Birthday,Yes,10,1,No,Cancelled,2023-08-29
211,233,12,Wedding,No,1,5,No,Pending,2023-05-15
212,297,140,Fashion,Yes,6,5,No,Cancelled,2023-10-28
213,40,133,Corporate,No,3,4,No,Cancelled,2023-06-26
214,250,124,Fashion,Yes,8,1,No,Booked,2023-04-28
215,40,132,Corporate,Yes,2,1,Yes,Cancelled,2023-11-05
216,61,170,Birthday,No,5,5,Yes,Cancelled,2023-12-12
217,246,123,Birthday,Yes,10,3,Yes,Booked,2023-01-23
218,66,147,Fashion,Yes,2,5,Yes,Pending,2023-03-17
219,29,43,Corporate,Yes,8,3,Yes,Pending,2023-12-05
220,146,22,Birthday,No,9,3,No,Booked,2023-04-23
221,211,154,Birthday,Yes,9,5,No,Booked,2023-12-18
222,176,117,Fashion,Yes,3,3,No,Booked,2023-02-25
223,9,52,Fashion,No,2,4,Yes,Booked,2023-09-01
224,20,137,Fashion,Yes,1,3,Yes,Pending,2023-10-04
225,1,199,Graduation,No,5,0,No,Booked,2023-09-04
226,196,90,Fashion,Yes,6,1,No,Cancelled,2023-04-30
227,43,73,Fashion,No,4,1,Yes,Pending,2023-01-04
228,296,134,Wedding,Yes,6,5,Yes,Pending,2023-06-11
229,210,93,Wedding,Yes,6,5,No,Cancelled,2023-10-02
230,217,145,Corporate,No,10,3,Yes,Cancelled,2023-10-10
231,286,124,Birthday,No,8,4,No,Cancelled,2023-06-07
232,296,89,Graduation,Yes,10,0,Yes,Cancelled,2023-12-25
233,83,26,Birthday,No,5,4,Yes,Booked,2023-07-19
234,3,24,Birthday,No,9,3,Yes,Booked,2023-05-15
235,114,95,Wedding,Yes,6,3,No,Pending,2023-11-02
236,30,199,Birthday,No,7,0,Yes,Pending,2023-09-23
237,147,50,Wedding,Yes,9,1,Yes,Cancelled,2023-05-03
238,1,41,Wedding,No,6,2,No,Cancelled,2023-10-28
239,103,133,Wedding,Yes,1,4,No,Pending,2023-10-14
240,299,90,Corporate,No,3,4,Yes,Cancelled,2023-07-26
241,295,2,Corporate,Yes,6,4,Yes,Pending,2023-02-07
242,258,76,Corporate,Yes,8,2,No,Pending,2023-08-15
243,194,145,Graduation,Yes,5,3,No,Pending,2023-01-15
244,247,30,Corporate,Yes,6,5,Yes,Pending,2023-12-26
245,118,81,Graduation,No,8,4,Yes,Pending,2023-05-15
246,128,74,Wedding,No,10,5,No,Booked,2023-10-11
247,92,122,Corporate,No,3,4,No,Booked,2023-12-16
248,98,128,Birthday,Yes,3,2,Yes,Booked,2023-04-14
249,128,159,Corporate,Yes,1,0,Yes,Pending,2023-12-06
250,253,158,Wedding,Yes,7,2,No,Cancelled,2023-10-22
251,141,126,Birthday,No,6,1,Yes,Booked,2023-09-27
252,217,123,Fashion,Yes,8,2,No,Pending,2023-03-31
253,235,31,Fashion,No,5,5,Yes,Booked,2023-12-12
254,108,98,Fashion,Yes,5,2,No,Booked,2023-10-08
255,135,61,Corporate,No,9,2,No,Booked,2023-09-13
256,218,54,Graduation,No,5,3,No,Cancelled,2023-04-03
257,293,34,Fashion,Yes,1,5,No,Booked,2023-10-12
258,222,98,Birthday,Yes,2,3,Yes,Booked,2023-08-04
259,256,35,Fashion,No,7,2,No,Pending,2023-10-18
260,25,102,Wedding,Yes,0,1,No,Cancelled,2023-11-19
261,50,116,Corporate,No,5,2,No,Cancelled,2023-01-11
262,211,32,Corporate,Yes,9,4,Yes,Cancelled,2023-07-01
263,167,173,Fashion,No,7,0,No,Pending,2023-05-27
264,238,162,Birthday,Yes,10,2,No,Pending,2023-11-10
265,293,104,Wedding,Yes,2,2,Yes,Cancelled,2023-06-12
266,150,182,Corporate,No,4,3,No,Pending,2023-10-28
267,267,116,Graduation,Yes,2,0,Yes,Pending,2023-05-01
268,129,191,Wedding,Yes,2,3,Yes,Booked,2023-02-02
269,243,141,Wedding,Yes,6,4,Yes,Booked,2023-05-15
270,80,22,Graduation,No,3,1,No,Cancelled,2023-11-17
271,65,34,Fashion,Yes,0,0,No,Cancelled,2023-09-01
272,240,139,Corporate,No,2,5,Yes,Pending,2023-11-02
273,234,162,Fashion,No,8,5,No,Cancelled,2023-09-04
274,277,59,Wedding,No,4,2,No,Cancelled,2023-03-21
275,156,3,Wedding,Yes,5,2,No,Pending,2023-01-05
276,252,194,Graduation,No,0,3,No,Pending,2023-04-29
277,4,141,Corporate,Yes,6,4,No,Cancelled,2023-05-08
278,84,184,Graduation,No,3,2,Yes,Cancelled,2023-11-17
279,123,133,Fashion,No,4,5,No,Cancelled,2023-04-07
280,36,47,Birthday,No,1,5,No,Pending,2023-08-20
281,140,180,Fashion,No,3,2,Yes,Booked,2023-01-26
282,274,6,Birthday,Yes,4,2,Yes,Pending,2023-08-13
283,5,60,Wedding,Yes,0,3,Yes,Cancelled,2023-08-04
284,160,128,Corporate,No,0,2,Yes,Booked,2023-01-29
285,137,199,Graduation,Yes,8,3,Yes,Booked,2023-05-09
286,196,4,Wedding,Yes,6,3,Yes,Pending,2023-01-18
287,102,118,Wedding,Yes,7,3,No,Cancelled,2023-03-23
288,22,191,Fashion,Yes,4,3,No,Booked,2023-07-04
289,27,171,Birthday,Yes,3,5,No,Cancelled,2023-01-08
290,86,71,Fashion,Yes,6,1,Yes,Booked,2023-10-25
291,244,177,Fashion,Yes,5,0,Yes,Booked,2023-09-13
292,47,176,Fashion,No,10,0,Yes,Cancelled,2023-11-27
293,79,180,Fashion,Yes,2,3,Yes,Cancelled,2023-10-13
294,178,113,Birthday,Yes,6,2,Yes,Cancelled,2023-01-21
295,249,181,Graduation,No,8,5,No,Booked,2023-10-18
296,96,140,Corporate,No,7,2,Yes,Booked,2023-09-29
297,80,116,Corporate,No,8,2,No,Booked,2023-11-23
298,260,98,Birthday,Yes,9,2,Yes,Cancelled,2023-02-02
299,276,100,Birthday,No,8,1,No,Cancelled,2023-07-29
300,165,29,Wedding,Yes,0,1,Yes,Booked,2023-04-14
301,55,125,Birthday,Yes,0,4,No,Pending,2023-09-08
302,270,160,Fashion,No,0,2,Yes,Pending,2023-02-06
303,7,54,Graduation,Yes,7,5,Yes,Cancelled,2023-10-13
304,213,95,Wedding,No,8,0,Yes,Cancelled,2023-02-09
305,111,133,Wedding,Yes,3,4,No,Booked,2023-04-09
306,270,169,Birthday,Yes,8,5,No,Pending,2023-02-24
307,296,92,Graduation,No,1,1,Yes,Pending,2023-07-25
308,259,87,Birthday,No,5,2,No,Cancelled,2023-07-31
309,221,186,Corporate,Yes,9,4,Yes,Cancelled,2023-10-09
310,131,93,Graduation,No,6,0,Yes,Cancelled,2023-11-02
311,9,133,Birthday,No,0,2,Yes,Booked,2023-06-11
312,12,198,Corporate,Yes,1,0,No,Cancelled,2023-03-21
313,71,68,Corporate,Yes,3,2,No,Booked,2023-10-20
314,205,146,Birthday,Yes,5,3,Yes,Cancelled,2023-12-20
315,296,25,Fashion,No,0,5,No,Booked,2023-01-29
316,172,90,Graduation,No,1,1,Yes,Pending,2023-11-20
317,196,14,Corporate,Yes,5,4,Yes,Cancelled,2023-09-15
318,114,40,Wedding,No,7,4,Yes,Booked,2023-08-10
319,149,101,Birthday,Yes,5,0,No,Pending,2023-01-26
320,281,103,Corporate,Yes,6,4,No,Pending,2023-03-08
321,70,124,Fashion,Yes,7,3,Yes,Pending,2023-11-12
322,269,64,Birthday,Yes,4,3,No,Pending,2023-10-22
323,46,29,Graduation,No,5,2,Yes,Cancelled,2023-06-26
324,13,198,Corporate,Yes,5,4,No,Pending,2023-03-16
325,226,12,Birthday,Yes,10,2,Yes,Pending,2023-02-13
326,58,190,Wedding,Yes,9,1,No,Booked,2023-06-25
327,57,79,Graduation,No,0,2,Yes,Pending,2023-10-03
328,109,53,Fashion,No,8,3,Yes,Pending,2023-12-24
329,10,97,Fashion,Yes,4,1,Yes,Cancelled,2023-04-13
330,139,14,Graduation,Yes,1,3,No,Pending,2023-12-04
331,185,28,Wedding,No,10,3,Yes,Cancelled,2023-09-18
332,51,81,Graduation,Yes,2,1,No,Pending,2023-12-31
333,12,11,Birthday,No,5,3,No,Pending,2023-03-22
334,10,89,Corporate,No,10,2,Yes,Pending,2023-05-22
335,32,161,Corporate,No,0,4,No,Booked,2023-03-19
336,175,101,Birthday,Yes,6,4,Yes,Cancelled,2023-05-04
337,294,40,Graduation,No,9,2,No,Pending,2023-03-09
338,106,168,Birthday,Yes,2,2,Yes,Cancelled,2023-03-16
339,290,41,Corporate,Yes,8,4,Yes,Booked,2023-06-12
340,75,187,Wedding,No,6,3,No,Cancelled,2023-11-23
341,141,39,Birthday,Yes,2,1,Yes,Pending,2023-11-12
342,137,156,Fashion,Yes,9,1,Yes,Pending,2023-01-14
343,184,21,Graduation,Yes,8,4,No,Pending,2023-11-29
344,192,48,Graduation,No,7,1,Yes,Booked,2023-04-26
345,17,105,Wedding,No,6,1,Yes,Booked,2023-02-03
346,91,113,Fashion,No,5,3,Yes,Cancelled,2023-07-27
347,22,156,Graduation,No,6,4,Yes,Pending,2023-02-25
348,232,117,Wedding,Yes,8,4,No,Pending,2023-01-21
349,286,100,Fashion,Yes,3,2,No,Cancelled,2023-06-05
350,147,119,Birthday,No,4,4,Yes,Pending,2023-09-22
351,73,119,Graduation,Yes,8,0,Yes,Pending,2023-12-23
352,280,35,Graduation,No,5,3,Yes,Booked,2023-08-21
353,104,117,Wedding,No,5,5,Yes,Pending,2023-03-05
354,47,30,Graduation,No,1,4,No,Pending,2023-09-19
355,82,97,Fashion,No,0,1,No,Pending,2023-12-04
356,77,42,Birthday,Yes,0,3,No,Cancelled,2023-08-17
357,148,161,Birthday,Yes,2,1,Yes,Pending,2023-05-10
358,7,118,Graduation,No,8,0,No,Booked,2023-04-22
359,244,117,Graduation,No,1,4,Yes,Booked,2023-10-08
360,143,159,Fashion,Yes,0,1,Yes,Booked,2023-12-01
361,179,10,Birthday,Yes,10,4,No,Cancelled,2023-02-14
362,26,28,Graduation,Yes,2,5,No,Pending,2023-12-05
363,294,144,Birthday,No,9,2,Yes,Booked,2023-06-03
364,166,95,Graduation,Yes,6,4,Yes,Cancelled,2023-08-30
365,69,32,Corporate,No,8,3,Yes,Pending,2023-04-18
366,30,28,Fashion,Yes,7,5,No,Cancelled,2023-11-08
367,163,67,Fashion,No,2,4,No,Pending,2023-11-20
368,255,127,Birthday,Yes,4,1,Yes,Booked,2023-01-13
369,239,161,Wedding,Yes,9,3,No,Booked,2023-06-20
370,180,144,Birthday,Yes,10,1,No,Cancelled,2023-02-04
371,158,77,Fashion,No,0,0,No,Cancelled,2023-07-22
372,292,158,Wedding,Yes,3,2,No,Pending,2023-09-03
373,243,10,Birthday,No,2,5,No,Pending,2023-06-21
374,237,106,Wedding,No,9,5,No,Pending,2023-10-02
375,10,54,Fashion,No,5,0,Yes,Cancelled,2023-01-16
376,174,97,Fashion,Yes,9,4,No,Booked,2023-11-01
377,60,193,Corporate,No,0,2,No,Booked,2023-09-12
378,122,96,Graduation,No,3,4,No,Booked,2023-02-27
379,192,10,Birthday,Yes,7,4,Yes,Cancelled,2023-09-14
380,79,49,Corporate,No,8,2,No,Booked,2023-02-20
381,265,174,Birthday,Yes,0,3,No,Pending,2023-09-25
382,60,2,Corporate,Yes,10,4,Yes,Cancelled,2023-08-28
383,24,27,Fashion,No,0,4,No,Pending,2023-04-18
384,165,52,Birthday,No,4,4,No,Cancelled,2023-12-10
385,61,70,Birthday,Yes,4,0,Yes,Pending,2023-10-14
386,264,27,Birthday,No,8,2,No,Booked,2023-12-27
387,146,147,Birthday,Yes,1,2,No,Pending,2023-08-16
388,26,34,Wedding,No,10,0,Yes,Cancelled,2023-01-28
389,45,110,Graduation,Yes,9,4,No,Pending,2023-07-02
390,160,86,Birthday,Yes,7,4,Yes,Booked,2023-12-24
391,240,25,Graduation,No,10,5,No,Cancelled,2023-04-29
392,115,37,Fashion,No,5,3,Yes,Pending,2023-12-07
393,170,84,Graduation,No,0,0,No,Booked,2023-06-29
394,246,119,Birthday,No,5,4,Yes,Pending,2023-02-22
395,208,183,Wedding,No,8,5,Yes,Cancelled,2023-09-30
396,237,103,Fashion,No,3,4,Yes,Pending,2023-03-23
397,247,99,Wedding,No,3,5,No,Cancelled,2023-10-18
398,176,140,Birthday,Yes,10,5,Yes,Pending,2023-12-31
399,294,125,Wedding,No,5,4,Yes,Cancelled,2023-04-01
400,158,104,Wedding,Yes,10,4,No,Cancelled,2023-09-11
401,32,24,Birthday,Yes,9,5,Yes,Booked,2023-12-05
402,77,116,Fashion,No,6,4,No,Booked,2023-04-16
403,163,77,Fashion,No,6,5,No,Booked,2023-10-26
404,5,157,Fashion,No,2,2,Yes,Cancelled,2023-10-09
405,28,1,Fashion,No,1,2,Yes,Booked,2023-08-10
406,202,161,Corporate,No,6,3,No,Pending,2023-04-19
407,89,122,Birthday,Yes,8,3,No,Cancelled,2023-03-20
408,148,172,Birthday,Yes,0,0,Yes,Booked,2023-09-07
409,224,35,Wedding,Yes,10,3,No,Pending,2023-11-06
410,218,160,Birthday,No,8,3,No,Cancelled,2023-07-01
411,116,48,Graduation,Yes,9,3,Yes,Pending,2023-09-14
412,138,106,Fashion,No,0,0,No,Pending,2023-07-08
413,58,149,Graduation,Yes,2,5,No,Cancelled,2023-09-22
414,41,134,Fashion,Yes,3,3,Yes,Pending,2023-11-21
415,277,149,Corporate,Yes,5,4,Yes,Cancelled,2023-08-21
416,263,121,Fashion,No,6,2,No,Cancelled,2023-03-27
417,19,178,Fashion,No,9,2,Yes,Pending,2023-08-31
418,297,44,Fashion,Yes,10,2,Yes,Cancelled,2023-09-06
419,43,33,Fashion,Yes,4,2,Yes,Pending,2023-05-24
420,141,66,Wedding,Yes,9,1,Yes,Pending,2023-08-17
421,190,45,Corporate,Yes,7,1,Yes,Cancelled,2023-02-13
422,75,153,Birthday,No,6,3,Yes,Pending,2023-08-14
423,86,54,Fashion,No,0,5,No,Booked,2023-01-27
424,86,119,Graduation,No,4,3,Yes,Cancelled,2023-12-16
425,200,122,Corporate,Yes,8,3,Yes,Cancelled,2023-08-18
426,196,174,Corporate,Yes,1,4,No,Cancelled,2023-11-09
427,140,86,Corporate,No,1,2,No,Cancelled,2023-12-12
428,124,188,Fashion,Yes,8,2,Yes,Cancelled,2023-10-08
429,6,173,Wedding,Yes,0,3,Yes,Pending,2023-02-23
430,229,90,Birthday,No,4,1,Yes,Booked,2023-11-14
431,48,15,Fashion,Yes,9,5,Yes,Pending,2023-03-03
432,45,155,Birthday,No,10,5,Yes,Booked,2023-12-23
433,95,65,Corporate,No,10,0,No,Cancelled,2023-08-07
434,166,66,Birthday,Yes,4,0,No,Cancelled,2023-06-20
435,31,67,Corporate,Yes,7,0,No,Booked,2023-11-09
436,202,46,Graduation,Yes,2,4,No,Booked,2023-11-11
437,55,114,Corporate,Yes,0,0,Yes,Pending,2023-05-09
438,229,5,Graduation,Yes,10,5,Yes,Booked,2023-12-07
439,200,69,Birthday,No,6,4,Yes,Pending,2023-12-29
440,252,123,Graduation,No,1,4,Yes,Booked,2023-07-16
441,247,32,Fashion,No,5,5,No,Cancelled,2023-01-29
442,47,94,Fashion,No,1,3,No,Pending,2023-04-14
443,91,142,Wedding,No,10,1,No,Pending,2023-07-19
444,55,162,Corporate,No,1,5,No,Pending,2023-04-08
445,72,10,Birthday,Yes,9,1,No,Cancelled,2023-02-02
446,277,165,Corporate,No,8,3,Yes,Booked,2023-06-23
447,29,87,Wedding,No,1,1,No,Pending,2023-10-02
448,77,190,Fashion,Yes,1,0,Yes,Cancelled,2023-12-01
449,10,121,Fashion,Yes,3,5,Yes,Booked,2023-03-30
450,26,79,Wedding,No,9,1,Yes,Booked,2023-02-28
451,255,153,Fashion,Yes,1,1,No,Cancelled,2023-12-14
452,206,84,Wedding,Yes,5,1,Yes,Pending,2023-03-30
453,172,17,Wedding,No,2,3,Yes,Pending,2023-07-09
454,284,43,Graduation,Yes,9,0,Yes,Booked,2023-11-20
455,193,200,Birthday,Yes,7,0,Yes,Booked,2023-04-02
456,46,181,Fashion,No,6,5,No,Pending,2023-03-06
457,106,37,Corporate,No,6,1,Yes,Pending,2023-12-21
458,20,153,Birthday,No,9,0,No,Cancelled,2023-08-03
459,3,143,Birthday,Yes,1,4,Yes,Pending,2023-07-05
460,277,130,Birthday,No,10,5,Yes,Cancelled,2023-01-28
461,100,29,Birthday,No,7,1,Yes,Pending,2023-01-23
462,28,166,Corporate,No,3,3,No,Cancelled,2023-11-12
463,233,12,Wedding,Yes,8,1,Yes,Booked,2023-09-06
464,264,30,Wedding,Yes,7,4,No,Cancelled,2023-04-12
465,167,59,Wedding,No,3,0,Yes,Pending,2023-07-31
466,103,97,Birthday,Yes,7,4,No,Booked,2023-08-12
467,75,56,Fashion,No,2,3,No,Booked,2023-08-23
468,100,162,Corporate,No,3,2,Yes,Booked,2023-12-21
469,292,16,Corporate,Yes,1,3,No,Cancelled,2023-03-29
470,176,57,Corporate,Yes,10,4,Yes,Pending,2023-10-11
471,118,23,Graduation,No,3,4,No,Cancelled,2023-05-23
472,8,187,Graduation,Yes,3,2,No,Pending,2023-04-24
473,77,147,Wedding,No,0,0,No,Pending,2023-09-16
474,18,109,Fashion,No,7,5,Yes,Cancelled,2023-09-11
475,124,22,Fashion,Yes,6,1,Yes,Cancelled,2023-06-01
476,123,166,Wedding,Yes,7,5,No,Booked,2023-12-27
477,236,147,Fashion,Yes,7,3,Yes,Pending,2023-07-27
478,95,95,Graduation,Yes,10,0,No,Pending,2023-06-20
479,272,9,Corporate,No,4,5,Yes,Pending,2023-02-11
480,172,189,Wedding,No,0,0,No,Cancelled,2023-08-27
481,21,94,Corporate,Yes,10,4,Yes,Pending,2023-12-30
482,105,36,Corporate,Yes,8,0,No,Pending,2023-10-25
483,108,193,Birthday,No,5,2,No,Cancelled,2023-01-28
484,33,96,Corporate,No,7,4,Yes,Cancelled,2023-12-30
485,273,174,Fashion,No,7,4,No,Pending,2023-12-21
486,34,49,Graduation,Yes,1,3,Yes,Cancelled,2023-02-09
487,56,43,Corporate,Yes,2,3,Yes,Booked,2023-09-24
488,12,76,Graduation,Yes,7,2,No,Cancelled,2023-11-27
489,11,75,Birthday,Yes,0,1,No,Cancelled,2023-10-24
490,176,168,Corporate,No,9,5,No,Cancelled,2023-06-05
491,291,34,Corporate,Yes,4,1,No,Cancelled,2023-05-28
492,25,38,Corporate,No,7,1,Yes,Pending,2023-10-02
493,147,47,Birthday,Yes,2,1,Yes,Booked,2023-06-12
494,295,33,Graduation,No,5,1,Yes,Pending,2023-12-29
495,18,171,Corporate,No,2,2,No,Pending,2023-03-25
496,274,78,Wedding,Yes,6,3,Yes,Cancelled,2023-06-13
497,80,2,Fashion,No,10,5,No,Cancelled,2023-05-29
498,294,171,Birthday,No,5,5,Yes,Pending,2023-09-03
499,21,36,Fashion,Yes,4,0,No,Pending,2023-04-23
500,229,92,Wedding,No,0,4,Yes,Pending,2023-09-27
