Photographer_ID,Name,Event_Type,Years_Experience,Avg_Rating,Reviews_Count,Bookings_Success_Rate,Response_Time,Portfolio_Score,Price
1,Photographer_1,Corporate,9,3.44,410,0.73,9,696,1539
2,Photographer_2,Fashion,2,4.12,221,0.8,2,381,732
3,Photographer_3,Birthday,4,3.35,397,0.79,15,150,417
4,Photographer_4,Wedding,5,4.61,56,0.8,35,865,1612
5,Photographer_5,Fashion,1,4.15,453,0.91,9,621,871
6,Photographer_6,Birthday,3,2.95,359,0.91,11,748,996
7,Photographer_7,Wedding,7,3.41,373,0.7,29,635,683
8,Photographer_8,Graduation,4,3.84,163,0.99,31,935,1810
9,Photographer_9,Birthday,6,4.2,297,0.99,30,797,677
10,Photographer_10,Graduation,9,3.82,499,0.66,13,830,1338
11,Photographer_11,Birthday,14,3.13,333,0.79,24,577,310
12,Photographer_12,Fashion,14,2.81,47,0.91,18,470,1954
13,Photographer_13,Fashion,3,4.58,51,0.98,15,846,1023
14,Photographer_14,Corporate,15,2.57,32,0.76,24,251,890
15,Photographer_15,Wedding,6,3.06,168,0.97,46,675,786
16,Photographer_16,Birthday,3,2.6,474,0.93,45,861,384
17,Photographer_17,Graduation,8,4.04,468,0.63,17,230,1810
18,Photographer_18,Birthday,9,4.85,316,0.81,8,804,690
19,Photographer_19,Birthday,5,2.8,127,0.77,40,478,228
20,Photographer_20,Wedding,14,4.76,310,0.81,41,537,1277
21,Photographer_21,Birthday,12,2.86,224,0.6,23,256,1268
22,Photographer_22,Graduation,3,4.16,48,0.81,24,79,1177
23,Photographer_23,Fashion,9,4.47,264,0.82,25,904,1062
24,Photographer_24,Wedding,11,3.47,196,0.7,2,375,1714
25,Photographer_25,Wedding,6,3.1,341,0.85,38,762,1649
26,Photographer_26,Corporate,3,2.61,284,0.74,42,189,1800
27,Photographer_27,Graduation,12,3.7,98,0.92,5,743,1689
28,Photographer_28,Graduation,1,3.23,27,0.92,3,333,735
29,Photographer_29,Fashion,7,4.97,283,0.79,3,781,1424
30,Photographer_30,Birthday,5,3.39,404,0.62,42,349,659
31,Photographer_31,Wedding,13,3.42,460,0.76,29,926,891
32,Photographer_32,Corporate,3,3.74,259,0.75,34,283,1740
33,Photographer_33,Wedding,12,3.56,225,0.84,12,568,701
34,Photographer_34,Corporate,2,2.7,343,0.72,29,627,1569
35,Photographer_35,Graduation,3,4.22,184,0.78,47,900,1966
36,Photographer_36,Corporate,10,5.0,145,0.86,4,86,1474
37,Photographer_37,Graduation,6,3.78,388,0.87,2,156,1838
38,Photographer_38,Fashion,11,4.45,22,0.65,16,807,1421
39,Photographer_39,Corporate,6,3.46,295,0.61,10,705,1021
40,Photographer_40,Corporate,6,3.61,44,0.83,34,385,915
41,Photographer_41,Corporate,11,3.2,496,0.65,48,200,1122
42,Photographer_42,Fashion,7,4.78,65,0.7,17,730,1013
43,Photographer_43,Birthday,10,3.21,474,1.0,13,135,377
44,Photographer_44,Wedding,8,2.93,370,0.78,6,839,1496
45,Photographer_45,Corporate,11,3.37,38,0.82,19,922,714
46,Photographer_46,Birthday,12,4.27,363,0.86,24,530,559
47,Photographer_47,Wedding,4,4.48,126,0.92,2,379,1234
48,Photographer_48,Fashion,6,3.67,287,0.65,6,77,733
49,Photographer_49,Graduation,12,4.3,274,0.76,27,853,1277
50,Photographer_50,Wedding,3,4.93,333,0.63,30,706,1159
51,Photographer_51,Corporate,3,4.69,404,0.82,38,196,1672
52,Photographer_52,Birthday,7,3.76,449,0.62,8,540,413
53,Photographer_53,Corporate,3,2.9,483,0.88,23,980,1162
54,Photographer_54,Corporate,14,2.7,105,0.85,36,291,356
55,Photographer_55,Corporate,10,3.83,262,0.86,38,974,1289
56,Photographer_56,Birthday,3,4.15,373,0.96,22,872,1992
57,Photographer_57,Fashion,1,4.56,19,0.63,42,799,1281
58,Photographer_58,Corporate,11,3.03,297,0.77,41,41,1119
59,Photographer_59,Fashion,5,4.1,159,0.79,44,425,709
60,Photographer_60,Graduation,2,4.22,85,0.78,31,485,517
61,Photographer_61,Corporate,10,2.86,446,0.89,47,891,807
62,Photographer_62,Graduation,3,4.4,268,0.82,21,257,1055
63,Photographer_63,Wedding,5,3.62,77,0.64,19,978,886
64,Photographer_64,Fashion,7,3.12,448,0.96,21,966,1283
65,Photographer_65,Corporate,4,4.41,260,1.0,30,520,1900
66,Photographer_66,Corporate,8,2.56,488,0.76,30,999,593
67,Photographer_67,Birthday,10,3.38,30,0.71,39,913,1826
68,Photographer_68,Graduation,5,3.84,438,0.64,9,913,641
69,Photographer_69,Corporate,13,3.51,28,0.76,37,585,498
70,Photographer_70,Corporate,9,3.22,202,0.8,36,296,1790
71,Photographer_71,Fashion,11,4.03,70,0.99,26,392,1727
72,Photographer_72,Corporate,9,4.85,391,0.66,39,531,922
73,Photographer_73,Fashion,1,2.61,75,0.89,31,541,1035
74,Photographer_74,Birthday,10,4.73,76,0.73,40,336,432
75,Photographer_75,Graduation,10,4.35,158,0.84,33,858,1143
76,Photographer_76,Fashion,8,4.27,158,0.79,2,387,778
77,Photographer_77,Wedding,7,3.96,412,0.96,45,654,154
78,Photographer_78,Fashion,8,3.16,340,0.91,38,601,566
79,Photographer_79,Wedding,10,3.7,273,0.85,40,803,1822
80,Photographer_80,Graduation,3,4.55,129,0.61,45,122,490
81,Photographer_81,Wedding,8,3.28,82,0.77,14,430,1127
82,Photographer_82,Fashion,15,3.68,439,0.89,4,732,382
83,Photographer_83,Fashion,4,3.9,344,0.79,25,331,454
84,Photographer_84,Graduation,15,3.83,284,0.74,47,707,1417
85,Photographer_85,Corporate,10,3.71,495,0.7,36,315,560
86,Photographer_86,Corporate,13,3.22,111,0.88,32,334,1082
87,Photographer_87,Corporate,9,4.83,412,0.89,19,134,1274
88,Photographer_88,Fashion,7,4.74,207,0.93,10,307,186
89,Photographer_89,Corporate,12,2.7,478,0.78,17,775,1081
90,Photographer_90,Birthday,4,4.57,143,0.97,45,288,381
91,Photographer_91,Wedding,10,4.35,127,0.7,43,936,1187
92,Photographer_92,Birthday,11,3.08,56,0.77,46,493,305
93,Photographer_93,Birthday,1,4.91,480,0.66,42,967,1903
94,Photographer_94,Graduation,8,4.13,392,0.99,21,302,1422
95,Photographer_95,Wedding,15,4.42,338,0.83,35,766,1580
96,Photographer_96,Wedding,15,4.8,218,0.95,12,966,1983
97,Photographer_97,Wedding,14,3.49,258,0.67,48,995,1886
98,Photographer_98,Corporate,15,2.59,157,0.83,7,960,786
99,Photographer_99,Corporate,8,4.97,283,0.81,9,881,1132
100,Photographer_100,Graduation,5,2.98,62,0.73,47,479,1427
101,Photographer_101,Corporate,12,2.97,382,0.73,19,591,1481
102,Photographer_102,Birthday,3,4.03,332,0.96,28,537,771
103,Photographer_103,Wedding,7,4.17,99,0.99,31,341,608
104,Photographer_104,Wedding,5,3.46,233,0.9,22,319,1292
105,Photographer_105,Fashion,1,3.15,189,0.88,4,693,342
106,Photographer_106,Graduation,5,2.9,356,0.8,46,798,736
107,Photographer_107,Wedding,11,4.79,156,0.75,15,234,373
108,Photographer_108,Graduation,3,3.64,315,0.75,45,572,1969
109,Photographer_109,Graduation,13,3.84,345,0.93,16,706,1645
110,Photographer_110,Fashion,14,4.47,274,0.78,46,380,259
111,Photographer_111,Fashion,2,2.65,285,0.96,13,596,1199
112,Photographer_112,Birthday,3,3.32,271,0.78,44,220,1568
113,Photographer_113,Fashion,8,2.73,266,0.78,4,474,370
114,Photographer_114,Fashion,7,3.64,34,0.82,44,836,731
115,Photographer_115,Wedding,7,3.14,6,0.9,38,84,192
116,Photographer_116,Graduation,6,4.25,282,1.0,5,966,1066
117,Photographer_117,Wedding,5,3.52,398,0.65,42,756,1422
118,Photographer_118,Graduation,6,4.98,200,0.78,25,394,264
119,Photographer_119,Fashion,3,4.13,183,0.65,35,412,1183
120,Photographer_120,Birthday,12,4.95,432,0.6,2,315,1048
121,Photographer_121,Fashion,7,3.83,426,0.69,30,364,417
122,Photographer_122,Corporate,4,4.84,376,0.91,3,838,1452
123,Photographer_123,Graduation,10,4.42,457,0.96,16,221,237
124,Photographer_124,Wedding,10,2.58,311,0.87,4,260,1616
125,Photographer_125,Wedding,7,3.6,281,0.69,4,153,1131
126,Photographer_126,Corporate,4,4.54,379,0.83,37,622,1682
127,Photographer_127,Corporate,4,3.25,78,0.99,34,236,946
128,Photographer_128,Corporate,5,2.65,490,0.84,48,943,458
129,Photographer_129,Graduation,9,3.74,181,0.98,43,400,1709
130,Photographer_130,Fashion,6,4.24,214,0.66,25,198,1645
131,Photographer_131,Fashion,8,3.1,120,0.72,46,157,1750
132,Photographer_132,Graduation,15,2.64,216,0.99,36,552,374
133,Photographer_133,Graduation,4,3.14,174,0.86,29,877,859
134,Photographer_134,Wedding,9,4.31,102,0.62,25,699,1338
135,Photographer_135,Fashion,1,4.68,101,0.92,38,751,1475
136,Photographer_136,Fashion,4,3.7,450,0.96,20,989,1961
137,Photographer_137,Wedding,4,4.84,497,0.9,48,782,1080
138,Photographer_138,Birthday,12,4.01,109,0.76,16,575,758
139,Photographer_139,Corporate,7,3.67,337,0.74,17,378,1150
140,Photographer_140,Graduation,8,2.75,374,0.79,21,946,516
141,Photographer_141,Corporate,6,3.53,293,0.95,48,159,133
142,Photographer_142,Corporate,9,4.84,301,0.89,19,166,501
143,Photographer_143,Corporate,4,3.45,431,0.7,36,680,1502
144,Photographer_144,Corporate,5,4.41,255,0.99,42,767,1104
145,Photographer_145,Graduation,3,4.33,185,0.67,47,569,1100
146,Photographer_146,Birthday,15,4.72,333,0.98,34,44,1818
147,Photographer_147,Wedding,14,4.17,396,0.6,9,872,1391
148,Photographer_148,Birthday,2,4.27,9,0.69,30,392,223
149,Photographer_149,Fashion,11,4.17,320,0.97,43,509,132
150,Photographer_150,Wedding,9,3.88,11,0.61,47,291,1197
151,Photographer_151,Corporate,1,3.76,362,0.87,12,119,1980
152,Photographer_152,Wedding,9,2.87,103,0.85,17,844,825
153,Photographer_153,Corporate,13,3.49,196,0.98,30,588,598
154,Photographer_154,Birthday,5,4.21,439,0.63,42,787,164
155,Photographer_155,Wedding,7,3.45,287,0.79,41,19,1539
156,Photographer_156,Birthday,2,3.75,227,0.86,22,589,1857
157,Photographer_157,Wedding,15,3.82,26,0.69,45,918,1260
158,Photographer_158,Graduation,5,2.62,43,0.87,18,930,1212
159,Photographer_159,Fashion,11,2.58,480,0.94,2,994,524
160,Photographer_160,Fashion,3,4.38,369,0.93,5,316,432
161,Photographer_161,Fashion,4,3.92,439,0.76,35,349,886
162,Photographer_162,Birthday,13,4.97,375,0.63,48,364,209
163,Photographer_163,Wedding,7,3.08,43,0.74,40,987,1319
164,Photographer_164,Graduation,13,3.32,329,0.71,29,512,567
165,Photographer_165,Corporate,9,4.85,226,0.67,38,686,878
166,Photographer_166,Wedding,13,4.05,413,0.7,5,94,648
167,Photographer_167,Birthday,7,4.28,329,0.66,25,334,838
168,Photographer_168,Wedding,2,2.51,162,0.78,18,114,371
169,Photographer_169,Wedding,3,3.58,290,0.82,27,115,153
170,Photographer_170,Wedding,6,3.89,310,0.84,21,894,888
171,Photographer_171,Wedding,5,3.53,403,0.63,36,936,597
172,Photographer_172,Fashion,9,2.92,199,0.67,18,318,649
173,Photographer_173,Graduation,3,2.66,227,0.71,20,505,1702
174,Photographer_174,Wedding,6,3.13,131,0.89,32,618,1362
175,Photographer_175,Birthday,8,2.77,160,0.6,26,350,1823
176,Photographer_176,Fashion,7,4.51,173,0.78,28,845,1786
177,Photographer_177,Fashion,3,3.25,313,0.98,13,500,743
178,Photographer_178,Birthday,7,4.92,154,0.89,41,512,1279
179,Photographer_179,Birthday,6,3.44,423,0.91,24,126,1254
180,Photographer_180,Birthday,10,4.99,97,0.87,36,37,1589
181,Photographer_181,Graduation,12,3.02,413,0.72,45,80,1777
182,Photographer_182,Graduation,11,3.75,329,0.72,17,684,415
183,Photographer_183,Graduation,13,3.44,234,1.0,31,606,920
184,Photographer_184,Fashion,9,4.81,450,0.88,35,47,1719
185,Photographer_185,Corporate,12,4.74,279,0.84,6,121,1674
186,Photographer_186,Birthday,11,4.16,90,0.86,3,586,1421
187,Photographer_187,Graduation,13,3.33,412,0.77,1,110,629
188,Photographer_188,Birthday,9,4.37,290,0.83,37,236,1012
189,Photographer_189,Corporate,7,3.66,352,0.84,33,164,806
190,Photographer_190,Wedding,8,2.76,217,0.97,6,128,1802
191,Photographer_191,Birthday,6,3.28,238,0.91,34,504,813
192,Photographer_192,Graduation,2,3.6,361,0.78,5,317,191
193,Photographer_193,Wedding,1,4.62,336,0.64,11,962,1616
194,Photographer_194,Birthday,9,2.94,86,0.73,28,991,1046
195,Photographer_195,Birthday,13,3.51,99,0.67,43,452,910
196,Photographer_196,Wedding,12,4.04,106,0.78,28,408,109
197,Photographer_197,Birthday,4,3.2,365,0.92,5,601,308
198,Photographer_198,Fashion,3,3.41,105,0.78,17,696,1866
199,Photographer_199,Graduation,9,4.91,165,0.84,40,411,1302
200,Photographer_200,Wedding,6,3.38,239,0.85,44,732,1739
