Month,Event_Type,Avg_Bookings,Avg_Price,Demand_Score
January,Wedding,20,1924,69
January,Birthday,71,527,98
January,Corporate,165,253,39
January,Graduation,155,1385,83
January,Fashion,34,1748,21
February,Wedding,46,1669,59
February,Birthday,150,1876,31
February,Corporate,137,292,78
February,Graduation,90,447,57
February,Fashion,51,239,55
March,Wedding,157,844,65
March,Birthday,32,245,42
March,Corporate,191,1680,78
March,Graduation,76,1069,52
March,Fashion,123,1431,37
April,Wedding,41,1264,82
April,Birthday,20,844,56
April,Corporate,112,937,99
April,Graduation,184,364,76
April,Fashion,103,1149,99
May,Wedding,90,865,30
May,Birthday,184,946,84
May,Corporate,125,638,25
May,Graduation,168,1418,27
May,Fashion,199,1719,51
June,Wedding,189,1781,91
June,Birthday,12,416,33
June,Corporate,84,869,40
June,Graduation,155,917,29
June,Fashion,67,895,79
July,Wedding,181,291,64
July,Birthday,129,1059,88
July,Corporate,129,323,30
July,Graduation,56,1598,33
July,Fashion,111,1673,75
August,Wedding,61,922,62
August,Birthday,26,749,63
August,Corporate,164,1095,47
August,Graduation,189,1618,80
August,Fashion,39,670,78
September,Wedding,19,1216,39
September,Birthday,130,398,47
September,Corporate,91,1263,24
September,Graduation,163,1685,68
September,Fashion,25,1755,66
October,Wedding,120,1069,47
October,Birthday,23,533,22
October,Corporate,185,966,54
October,Graduation,74,1401,42
October,Fashion,31,390,28
November,Wedding,80,929,30
November,Birthday,86,1889,77
November,Corporate,117,1174,47
November,Graduation,181,1929,53
November,Fashion,57,1800,26
December,Wedding,33,1932,74
December,Birthday,97,1642,58
December,Corporate,52,506,64
December,Graduation,117,1086,80
December,Fashion,147,1510,40
