Photographer_ID,Date,Event_Type,Search_Visibility,Profile_Views,Clicks,Bookings,Conversion_Rate,Response_Rate,Revenue
57,2023-05-23,Birthday,11,42,137,114,0.71,0.98,4292
101,2023-04-10,Graduation,162,261,14,92,0.46,0.86,3603
95,2023-07-17,Corporate,6,145,88,89,0.38,0.72,4695
23,2023-04-21,Graduation,379,212,113,73,0.25,0.86,3572
187,2023-08-01,Birthday,427,300,153,22,0.23,0.65,4403
86,2023-02-03,Fashion,387,192,22,1,0.47,0.96,3495
45,2023-10-12,Graduation,363,290,193,35,0.28,0.92,2471
142,2023-09-09,Wedding,421,154,149,77,0.54,0.87,1939
7,2023-01-02,Birthday,134,153,163,120,0.21,0.83,2456
107,2023-04-02,Graduation,464,125,7,30,0.79,0.75,646
154,2023-07-05,Fashion,246,289,111,66,0.67,0.74,1079
96,2023-09-20,Fashion,8,132,41,148,0.15,0.66,1209
92,2023-03-25,Wedding,139,184,107,91,0.14,0.65,729
132,2023-04-10,Birthday,391,48,153,42,0.59,0.94,2566
70,2023-12-17,Corporate,49,273,148,90,0.84,0.51,4344
73,2023-07-10,Graduation,210,174,41,26,0.3,0.75,1643
144,2023-11-11,Fashion,433,272,182,141,0.73,0.9,3518
118,2023-02-09,Wedding,419,67,4,122,0.41,0.85,1238
114,2023-11-02,Fashion,390,175,44,77,0.13,0.91,1921
33,2023-12-22,Birthday,352,116,78,32,0.29,0.99,3580
177,2023-02-27,Wedding,9,247,193,110,0.14,0.55,4306
152,2023-01-31,Graduation,60,129,11,16,0.37,0.51,890
32,2023-11-05,Birthday,300,102,47,89,0.13,0.57,2372
149,2023-06-28,Corporate,82,256,199,61,0.55,0.53,4836
196,2023-01-08,Fashion,111,98,72,43,0.91,0.77,908
55,2023-09-16,Graduation,187,94,112,27,0.26,0.68,3209
109,2023-04-20,Fashion,116,208,28,80,0.21,0.56,1213
127,2023-07-04,Corporate,285,20,21,83,0.54,0.69,3843
154,2023-06-09,Graduation,115,283,104,74,0.99,0.71,670
122,2023-12-14,Corporate,91,6,172,125,0.7,0.7,4381
169,2023-12-13,Wedding,61,73,101,102,0.73,0.99,1482
17,2023-07-06,Birthday,173,102,152,103,0.21,0.92,4188
72,2024-01-01,Fashion,303,139,193,102,0.42,0.83,3413
125,2023-09-19,Corporate,75,232,27,31,0.33,0.75,1202
8,2023-02-20,Wedding,425,34,127,6,0.97,0.69,2778
40,2023-06-05,Fashion,319,49,194,19,0.69,0.76,4132
120,2023-04-14,Corporate,338,254,125,129,0.34,0.67,4528
140,2023-01-10,Wedding,220,60,98,115,0.38,0.69,3865
10,2023-01-17,Birthday,285,155,180,42,0.54,0.57,3287
125,2023-02-26,Fashion,345,251,168,141,0.72,0.79,3998
144,2023-03-22,Fashion,28,200,67,126,0.63,0.69,2989
197,2023-05-26,Corporate,31,14,151,11,0.22,0.68,4883
7,2023-11-17,Corporate,194,49,109,88,0.99,0.71,562
170,2023-05-06,Birthday,120,159,151,21,0.92,0.53,2597
30,2023-06-22,Birthday,10,275,83,9,0.51,0.93,4753
132,2023-08-04,Corporate,10,240,150,5,0.99,0.69,3297
83,2023-10-21,Wedding,413,250,25,52,0.4,0.75,2881
43,2023-11-11,Corporate,186,223,51,127,0.67,0.99,717
138,2023-04-20,Corporate,135,24,76,146,0.46,0.61,853
184,2023-10-24,Wedding,303,172,69,17,0.61,0.77,3598
54,2023-06-27,Wedding,333,154,129,76,0.49,0.77,1739
107,2023-07-25,Corporate,319,263,116,140,0.26,0.51,4328
48,2023-10-23,Graduation,109,239,68,136,0.83,0.93,3653
145,2023-11-17,Wedding,267,102,93,118,0.23,0.58,2559
112,2023-07-30,Corporate,440,32,162,52,0.86,0.63,2451
166,2023-03-24,Corporate,351,120,103,61,0.2,0.6,2111
80,2023-08-26,Graduation,286,223,108,9,0.28,0.64,338
67,2023-05-23,Fashion,90,21,184,124,0.8,0.53,787
81,2023-11-05,Corporate,443,32,104,93,0.7,0.94,3351
186,2023-03-13,Birthday,57,292,188,128,0.94,0.76,4854
199,2023-09-26,Corporate,254,46,60,31,0.8,0.66,4886
189,2023-07-19,Birthday,478,216,55,36,0.2,0.61,2349
113,2023-07-29,Corporate,441,28,125,136,0.44,0.97,2692
140,2023-08-05,Graduation,349,126,71,37,0.43,0.86,2624
6,2023-11-27,Fashion,17,27,176,61,0.33,0.69,3072
176,2023-03-04,Fashion,443,121,113,99,0.11,0.98,2193
78,2023-02-16,Birthday,152,107,41,112,0.67,0.94,3428
9,2023-05-21,Wedding,421,251,120,105,0.93,0.67,3560
26,2023-03-24,Corporate,259,33,90,107,0.64,0.91,2776
117,2023-12-22,Wedding,390,26,164,47,0.67,0.9,1214
1,2023-07-25,Birthday,321,156,80,147,0.17,0.58,4330
183,2023-11-29,Birthday,433,210,81,115,0.53,0.87,2235
45,2023-12-18,Fashion,423,167,72,50,0.18,0.68,3323
97,2023-10-20,Birthday,10,11,142,58,0.92,0.99,1724
68,2023-12-26,Birthday,25,205,158,109,0.64,0.57,3114
44,2023-10-18,Wedding,7,269,111,116,0.84,0.75,1938
183,2023-04-15,Birthday,484,136,73,126,0.44,0.72,1792
154,2023-04-21,Corporate,372,96,107,46,0.47,0.57,2477
68,2023-05-01,Fashion,230,127,94,149,0.72,0.73,184
121,2023-03-10,Corporate,498,203,175,54,0.74,0.85,4992
66,2023-02-07,Wedding,285,30,13,85,0.94,0.74,3002
156,2023-12-10,Fashion,363,23,1,64,0.55,0.69,3333
172,2023-07-09,Birthday,495,286,10,148,0.26,0.58,4137
87,2023-08-28,Birthday,45,162,181,135,0.49,0.63,2666
12,2023-03-07,Graduation,446,143,191,92,0.93,0.64,2256
157,2023-05-16,Fashion,160,223,42,80,0.76,0.75,1339
143,2023-12-03,Graduation,27,96,38,13,0.31,0.52,2231
42,2023-12-28,Graduation,223,59,126,10,0.5,0.99,4694
125,2023-08-23,Graduation,57,75,31,89,0.18,0.93,1579
44,2023-09-18,Corporate,288,299,54,149,1.0,0.5,4775
47,2023-08-02,Wedding,126,255,173,24,0.9,0.51,1099
101,2023-07-11,Fashion,475,54,82,39,0.13,0.73,4030
117,2023-11-18,Corporate,304,2,84,11,0.69,0.98,2761
188,2023-10-19,Birthday,108,24,164,72,0.39,0.53,679
141,2023-11-05,Graduation,47,204,65,45,0.32,0.89,3367
23,2023-01-11,Birthday,83,198,199,103,0.36,0.88,1362
31,2023-06-02,Graduation,410,221,188,79,0.91,0.8,3041
171,2023-02-19,Corporate,262,102,125,114,0.9,0.74,4712
154,2023-08-05,Wedding,387,216,94,47,0.49,0.71,431
132,2023-06-24,Graduation,346,114,165,39,0.94,0.76,4398
22,2023-05-29,Graduation,223,40,122,76,0.23,0.56,2560
64,2023-09-25,Graduation,151,291,12,141,0.17,0.52,981
131,2023-08-06,Graduation,48,237,169,145,0.83,0.68,4896
21,2023-09-15,Wedding,58,236,45,46,0.86,0.52,3509
181,2023-06-02,Corporate,300,232,193,115,0.66,0.63,1633
55,2023-04-05,Wedding,382,132,172,27,0.49,0.51,3335
30,2023-01-07,Birthday,335,244,117,103,0.88,0.98,4087
78,2023-11-13,Fashion,184,202,77,22,0.21,0.51,1016
5,2023-12-23,Birthday,439,13,53,123,0.68,0.82,3669
161,2023-10-03,Birthday,44,154,197,118,0.23,0.71,1054
43,2023-03-20,Graduation,493,248,120,5,0.87,0.79,1749
76,2023-10-19,Graduation,26,170,2,26,0.67,0.86,3505
127,2023-10-24,Fashion,374,283,74,9,0.54,0.74,4941
186,2023-11-10,Graduation,118,31,135,4,0.48,0.66,620
69,2023-11-28,Graduation,455,242,29,126,0.66,0.82,3772
179,2023-08-12,Wedding,82,147,185,49,0.52,0.72,4258
57,2023-10-28,Corporate,471,239,33,75,0.75,0.7,3514
173,2023-12-01,Corporate,407,241,41,53,0.35,0.87,4055
34,2023-03-30,Birthday,80,251,25,106,0.95,0.75,2022
54,2023-10-13,Wedding,9,183,66,91,0.71,0.59,4224
9,2023-02-02,Corporate,220,58,158,58,0.21,0.61,2212
88,2023-07-01,Wedding,394,285,68,38,0.87,0.94,953
181,2023-01-26,Graduation,409,234,193,28,0.98,0.89,934
144,2023-01-22,Fashion,53,85,161,30,0.88,0.96,1386
187,2023-05-30,Graduation,390,259,127,25,0.24,0.68,1228
32,2023-04-14,Graduation,496,212,196,1,0.32,0.9,2896
74,2023-09-16,Birthday,43,136,95,106,0.42,0.83,1341
193,2023-09-29,Graduation,403,116,35,109,0.47,0.7,3858
133,2023-12-16,Corporate,483,15,113,37,0.79,0.86,4338
18,2023-02-13,Corporate,161,205,197,42,0.49,0.7,403
170,2023-11-25,Birthday,462,294,14,133,0.98,0.71,4635
78,2023-06-10,Corporate,4,143,135,37,0.73,0.72,1780
140,2023-11-16,Fashion,333,226,178,88,0.9,0.89,3413
199,2023-04-12,Corporate,43,18,137,85,0.45,0.86,1132
134,2023-10-04,Corporate,109,47,130,141,0.38,0.67,1410
6,2023-01-15,Fashion,303,132,61,77,0.75,0.99,1004
188,2023-01-31,Corporate,132,259,90,31,0.14,0.83,1121
115,2023-06-02,Fashion,377,2,116,86,0.98,0.9,4864
145,2024-01-01,Fashion,432,119,89,76,0.36,0.89,4792
173,2023-03-13,Graduation,266,126,26,83,0.56,0.6,3059
117,2023-02-20,Birthday,364,217,105,20,0.18,0.71,1165
122,2023-04-20,Graduation,39,189,173,134,0.46,0.78,3334
68,2023-10-27,Graduation,325,216,112,125,0.76,0.71,1434
37,2023-09-16,Birthday,248,234,33,131,0.88,0.56,1841
117,2023-08-31,Wedding,382,80,143,94,0.93,0.56,3447
29,2023-03-03,Corporate,292,148,10,133,0.24,0.69,3167
78,2023-05-31,Graduation,14,73,36,150,0.48,0.97,2599
73,2023-04-21,Birthday,419,250,0,31,0.59,0.53,466
107,2023-09-04,Fashion,158,289,115,86,0.8,0.74,1187
196,2023-03-12,Fashion,325,235,194,115,0.7,0.57,2764
23,2023-11-16,Fashion,209,198,59,101,0.41,0.52,3729
189,2023-05-23,Wedding,443,84,181,6,0.61,0.9,2630
144,2023-11-27,Wedding,329,286,21,49,0.96,0.77,533
146,2023-09-25,Birthday,384,243,128,4,0.21,0.97,1572
5,2023-05-21,Birthday,125,296,113,21,0.83,0.8,3391
151,2023-01-24,Graduation,441,11,87,111,0.26,0.51,4424
82,2023-07-15,Corporate,46,58,25,138,0.25,0.57,2193
197,2023-02-15,Birthday,157,208,173,43,0.15,0.98,1586
7,2024-01-01,Wedding,152,199,25,81,0.23,0.95,2212
97,2023-03-03,Wedding,103,122,192,150,0.31,0.75,4232
99,2023-02-28,Corporate,31,162,118,141,0.47,0.74,3438
163,2023-04-30,Wedding,137,283,150,25,0.32,0.78,1128
78,2023-10-18,Graduation,228,42,162,128,0.28,0.98,3158
139,2023-03-28,Birthday,275,216,142,115,0.14,0.91,2469
168,2023-03-27,Wedding,30,246,69,64,0.86,0.69,2978
162,2023-04-19,Fashion,430,261,72,11,0.25,0.77,672
77,2023-02-15,Graduation,357,62,35,142,1.0,0.94,1827
157,2023-09-16,Corporate,452,175,162,66,0.98,0.85,2336
63,2023-12-06,Corporate,174,107,117,84,0.11,0.85,116
156,2023-09-01,Wedding,461,4,172,44,0.47,0.95,4105
196,2023-07-21,Fashion,41,39,137,7,0.9,0.91,3746
173,2023-03-05,Corporate,497,192,153,91,0.45,0.92,169
32,2023-08-25,Corporate,479,98,113,2,0.3,0.51,2403
175,2023-12-30,Corporate,98,46,157,77,0.83,0.61,4145
93,2023-01-19,Corporate,252,107,1,50,0.99,0.82,1008
72,2023-10-19,Fashion,252,87,141,49,0.69,0.78,4729
45,2023-02-03,Fashion,65,33,32,66,0.94,0.93,4385
187,2023-05-21,Birthday,434,11,177,136,0.65,0.84,3818
1,2023-08-07,Wedding,437,165,110,104,0.35,0.84,3922
127,2023-07-05,Fashion,388,22,184,57,0.14,0.96,4461
115,2023-06-11,Wedding,200,99,85,20,0.89,0.9,1948
177,2023-08-05,Wedding,469,127,50,42,0.4,0.53,892
8,2023-09-03,Graduation,413,12,151,85,0.86,0.62,3979
62,2023-06-24,Wedding,420,170,133,60,0.95,0.89,3692
196,2023-02-18,Graduation,296,63,21,15,0.93,0.69,632
33,2023-02-01,Graduation,28,154,156,110,0.16,0.84,4681
14,2023-05-31,Graduation,205,49,158,105,0.31,0.8,186
117,2023-07-16,Graduation,407,219,158,25,0.41,0.97,312
117,2023-09-22,Corporate,300,98,27,26,0.11,0.86,4956
50,2023-10-21,Birthday,326,260,65,90,0.48,0.86,3742
48,2023-05-05,Birthday,408,22,15,32,0.38,0.72,3030
80,2023-10-26,Fashion,397,74,37,120,0.38,0.67,3121
3,2023-09-23,Fashion,336,74,14,60,0.56,0.92,547
109,2023-06-26,Birthday,499,102,163,51,0.81,0.67,3997
178,2023-12-21,Graduation,307,169,148,144,0.97,0.81,3529
85,2023-03-25,Wedding,232,21,126,56,0.93,0.82,1986
120,2023-11-16,Birthday,122,246,188,84,0.83,0.69,3379
48,2023-01-04,Corporate,5,37,91,7,0.6,0.57,3707
50,2023-11-20,Fashion,467,184,11,7,0.28,0.64,1893
68,2023-03-31,Corporate,433,283,62,45,0.28,0.59,2244
26,2023-01-11,Birthday,194,56,86,53,0.37,0.62,3150
170,2023-03-29,Fashion,500,222,182,16,0.21,0.94,1171
49,2023-04-09,Fashion,193,191,81,109,0.98,0.62,478
196,2023-11-12,Fashion,96,274,75,38,0.39,0.53,2394
33,2023-09-18,Fashion,453,250,53,20,0.81,0.9,631
43,2023-09-18,Graduation,384,260,95,127,0.57,0.59,3162
135,2023-12-22,Graduation,366,253,121,68,0.62,0.82,4883
167,2023-01-19,Birthday,112,103,115,60,0.46,0.65,3189
147,2023-03-22,Corporate,130,281,21,34,0.78,0.65,4350
91,2023-04-28,Fashion,21,238,131,86,0.48,0.73,3450
95,2023-09-12,Corporate,139,195,6,45,0.5,0.63,721
92,2023-02-12,Corporate,431,256,131,139,0.68,0.89,1965
26,2023-03-02,Wedding,184,19,139,51,0.4,0.84,2148
78,2023-12-16,Corporate,97,70,192,139,0.92,0.5,2553
73,2023-06-27,Graduation,484,207,148,3,0.52,0.76,1322
102,2023-04-27,Birthday,370,107,121,59,0.56,0.89,3939
185,2023-08-25,Corporate,405,43,80,48,0.49,0.97,3521
54,2023-08-13,Graduation,436,285,7,95,0.23,0.94,2603
189,2023-01-05,Graduation,414,181,86,57,0.48,0.84,3404
196,2023-12-20,Fashion,153,166,150,5,0.61,0.52,1239
40,2023-06-19,Fashion,322,293,100,97,0.28,0.7,4478
99,2023-04-07,Graduation,55,168,145,115,0.68,0.65,1504
27,2023-12-12,Fashion,90,16,176,125,0.12,0.6,3261
73,2023-04-16,Birthday,149,268,17,116,0.15,0.76,1507
84,2023-07-30,Graduation,80,56,33,137,0.48,0.87,3286
53,2023-03-08,Birthday,158,221,181,121,0.24,0.79,2642
151,2023-04-14,Fashion,366,234,70,51,0.11,0.57,624
103,2023-11-06,Birthday,269,168,145,125,0.51,0.79,846
74,2023-11-27,Graduation,177,152,100,44,0.47,0.59,3639
118,2023-07-16,Birthday,357,291,24,100,0.73,0.52,1393
71,2023-11-18,Fashion,149,34,178,55,0.92,0.71,4628
32,2023-07-08,Wedding,386,53,129,83,0.47,0.58,1798
130,2023-01-23,Graduation,13,37,163,118,0.44,0.87,1692
102,2023-01-20,Wedding,128,58,181,34,0.39,0.87,4071
119,2023-02-04,Wedding,280,124,182,112,0.23,0.91,1421
44,2023-01-10,Fashion,51,90,75,31,0.58,0.7,735
172,2023-01-06,Corporate,78,225,91,45,0.3,0.52,4460
56,2023-08-15,Wedding,428,267,164,26,0.45,0.65,529
154,2023-01-03,Wedding,395,193,196,51,0.94,0.69,2054
52,2023-02-16,Wedding,215,14,3,86,0.84,0.84,617
57,2023-02-19,Birthday,370,85,11,106,0.56,0.91,2743
144,2023-11-17,Birthday,319,106,138,101,0.95,0.56,1851
28,2023-07-02,Corporate,88,7,102,80,0.11,0.61,1903
17,2023-12-03,Corporate,332,188,11,17,0.9,0.71,4192
27,2023-12-31,Fashion,405,291,43,64,0.96,0.8,3283
174,2023-12-22,Birthday,170,89,162,81,0.98,0.83,653
86,2023-01-10,Fashion,466,299,114,97,0.56,0.87,4224
151,2023-12-27,Wedding,119,10,157,31,0.38,0.87,2095
159,2023-02-10,Wedding,70,191,127,75,0.28,0.69,410
61,2023-11-03,Graduation,378,168,34,71,0.39,0.89,424
134,2023-08-01,Corporate,384,12,58,84,0.41,0.6,542
171,2023-05-08,Birthday,311,195,133,82,0.27,0.81,629
126,2023-02-05,Birthday,26,72,52,32,0.18,0.8,1774
61,2023-09-17,Wedding,218,239,79,42,0.75,0.62,1545
156,2023-05-08,Corporate,146,295,114,51,0.34,0.89,755
93,2023-07-23,Graduation,85,241,112,108,0.55,0.87,1376
124,2023-01-11,Graduation,218,42,194,76,0.64,0.58,1539
66,2023-07-14,Graduation,156,232,72,96,0.61,0.74,2829
35,2023-08-29,Birthday,79,97,1,3,0.88,0.87,3165
126,2023-07-27,Graduation,481,202,190,95,0.45,0.65,4919
19,2023-07-29,Wedding,471,63,98,144,0.25,0.88,2191
198,2023-06-28,Fashion,363,250,162,94,0.73,0.83,3573
189,2023-05-07,Birthday,244,17,92,7,0.73,0.82,2240
155,2023-08-22,Birthday,130,126,154,148,0.96,0.92,201
30,2023-02-17,Graduation,203,300,20,132,0.92,0.94,1458
110,2023-05-10,Corporate,256,272,168,97,0.63,0.87,828
28,2023-11-22,Fashion,397,176,36,68,0.77,0.97,3360
179,2023-06-07,Wedding,86,251,0,24,0.16,0.85,4400
107,2023-12-02,Corporate,375,220,43,45,0.44,0.85,1722
125,2023-04-04,Fashion,485,56,115,145,0.83,0.59,583
192,2023-04-04,Birthday,132,209,112,27,0.88,0.58,2501
22,2023-07-13,Wedding,141,32,87,7,0.63,0.74,925
3,2023-02-01,Corporate,384,3,170,149,0.81,0.52,1829
134,2023-01-04,Graduation,308,266,194,68,0.94,0.74,2860
155,2023-08-08,Corporate,189,175,80,61,0.95,0.83,3200
157,2023-01-30,Corporate,447,169,25,0,0.51,0.85,1237
7,2023-11-05,Wedding,444,271,71,63,0.43,0.81,3992
132,2023-07-31,Birthday,1,164,4,92,0.89,0.98,2766
174,2023-08-16,Birthday,310,248,102,20,0.41,0.97,4000
169,2023-12-25,Wedding,375,197,75,49,0.74,0.93,4784
184,2023-09-16,Wedding,65,254,22,77,0.85,1.0,3924
44,2023-08-17,Wedding,246,276,61,62,0.29,0.88,832
28,2023-08-11,Wedding,82,167,98,71,0.3,0.63,4001
172,2023-03-05,Birthday,472,273,162,125,0.18,0.85,1933
148,2023-11-04,Wedding,329,175,96,97,0.69,0.89,3679
60,2023-04-25,Corporate,59,148,22,28,0.18,0.87,1641
191,2023-03-01,Fashion,188,65,80,97,0.62,0.5,606
152,2023-10-02,Birthday,433,198,108,81,0.79,0.9,1134
134,2023-12-06,Fashion,302,113,27,101,0.11,0.93,2688
38,2023-06-01,Birthday,255,233,37,72,0.23,0.83,381
154,2023-06-13,Corporate,257,63,70,146,0.53,0.91,4155
75,2023-12-27,Graduation,30,170,39,53,0.86,0.97,1943
180,2023-01-27,Birthday,438,249,186,100,0.37,0.91,1404
6,2023-10-08,Graduation,172,216,173,121,0.99,0.88,3303
19,2023-09-28,Corporate,144,99,179,140,0.45,0.57,4854
14,2023-12-30,Corporate,234,83,147,35,0.5,0.74,1286
54,2023-04-22,Birthday,376,4,92,147,0.19,0.89,1309
97,2023-08-07,Birthday,474,28,24,91,0.98,0.59,529
31,2023-09-21,Corporate,303,222,38,103,0.32,0.56,3349
126,2023-06-04,Fashion,488,88,167,96,0.8,1.0,834
200,2023-08-26,Graduation,140,227,94,2,0.21,0.54,4107
165,2023-12-09,Fashion,115,11,150,146,0.99,0.74,874
152,2023-04-03,Graduation,247,222,76,146,0.21,0.66,4503
48,2023-07-27,Wedding,201,284,137,135,0.54,0.76,4890
138,2024-01-01,Wedding,385,106,168,30,0.26,0.8,1574
2,2023-10-12,Graduation,409,160,31,10,0.22,0.6,1420
23,2023-10-15,Corporate,435,17,21,31,0.56,0.68,4559
44,2023-08-05,Wedding,127,153,11,132,0.91,0.65,4475
114,2023-03-13,Fashion,251,160,133,90,0.65,0.76,911
170,2023-01-23,Birthday,18,96,36,76,0.87,0.61,1199
155,2023-10-10,Birthday,302,183,71,32,0.76,0.71,4604
66,2023-05-14,Graduation,332,83,102,116,0.17,0.63,3584
178,2023-03-15,Fashion,104,36,161,68,1.0,0.85,1678
183,2023-07-10,Fashion,336,261,154,41,0.48,0.58,3652
98,2023-01-14,Fashion,126,39,69,31,0.58,0.84,3432
17,2023-06-18,Wedding,185,170,199,69,0.23,0.9,2341
3,2023-02-20,Graduation,496,113,96,26,0.8,0.56,4412
187,2023-06-06,Fashion,420,250,24,135,0.41,0.79,2410
142,2023-05-19,Fashion,50,24,43,81,0.95,0.69,2927
190,2023-12-14,Fashion,282,206,122,32,0.33,0.84,1373
169,2023-03-06,Birthday,193,290,188,68,0.15,0.86,3132
182,2023-05-08,Fashion,214,234,46,112,0.99,0.9,4214
74,2023-05-22,Graduation,266,117,78,22,0.95,0.7,2661
24,2023-11-21,Wedding,39,122,23,42,0.62,0.54,2441
142,2023-09-10,Wedding,492,217,173,130,0.94,0.57,4178
132,2023-12-17,Fashion,357,63,103,3,0.65,0.96,159
183,2023-08-06,Fashion,383,176,62,135,0.72,0.52,3775
44,2023-12-12,Fashion,462,115,44,19,0.43,0.57,2994
14,2023-08-05,Graduation,194,87,95,28,0.4,0.84,4516
197,2023-03-02,Corporate,153,247,75,67,0.29,0.87,4759
101,2023-04-22,Corporate,475,263,9,118,0.9,0.92,571
92,2023-01-04,Fashion,235,168,76,90,0.2,0.67,1625
103,2023-07-01,Wedding,51,220,125,50,0.18,0.76,1359
106,2023-03-05,Graduation,3,79,196,64,0.3,0.7,2551
94,2023-08-08,Birthday,274,137,27,112,0.69,0.72,1245
91,2023-08-11,Wedding,183,101,28,48,0.36,0.57,3549
191,2023-06-19,Wedding,82,101,122,68,0.21,0.74,4159
175,2024-01-01,Birthday,166,204,128,99,0.22,0.98,273
33,2023-03-21,Corporate,256,6,196,60,0.15,0.91,3619
153,2023-01-05,Graduation,245,148,72,124,0.17,0.71,1349
187,2023-09-19,Birthday,127,143,196,29,0.88,1.0,2126
171,2023-08-08,Birthday,242,52,179,128,0.65,0.59,4943
162,2023-11-21,Birthday,117,61,33,102,0.13,1.0,1297
110,2023-01-10,Fashion,102,46,13,97,0.47,0.65,1995
57,2023-06-22,Graduation,245,31,130,109,0.68,0.65,2305
94,2023-05-24,Corporate,364,214,63,81,0.91,0.59,104
14,2023-12-05,Corporate,108,146,120,71,0.92,0.55,1614
65,2023-09-09,Corporate,171,155,28,24,0.7,0.84,1167
85,2023-07-04,Corporate,380,270,154,95,0.31,0.64,4886
99,2023-02-14,Wedding,66,61,10,150,0.97,0.94,1660
50,2023-12-27,Graduation,473,50,19,139,0.66,0.65,3984
195,2023-04-14,Fashion,369,78,11,32,0.27,0.78,2168
195,2023-10-14,Corporate,458,187,114,30,0.92,0.53,3532
135,2023-09-15,Wedding,85,140,178,33,0.36,0.98,598
178,2023-04-08,Graduation,253,272,131,19,0.25,0.88,3246
144,2023-07-19,Graduation,310,139,52,47,0.1,0.79,4950
179,2023-01-05,Fashion,233,257,181,134,0.33,0.93,2527
182,2023-05-18,Fashion,60,87,57,11,0.58,0.65,1313
72,2023-03-10,Corporate,447,26,164,63,0.99,0.6,1051
1,2023-11-29,Corporate,323,188,83,21,0.95,0.94,2263
185,2023-03-10,Graduation,459,150,83,14,0.66,0.51,3012
57,2023-05-24,Birthday,131,8,137,149,0.2,0.87,3229
168,2023-05-12,Fashion,282,105,113,56,0.39,0.6,3339
40,2023-08-17,Birthday,373,222,94,37,0.91,0.55,1586
118,2023-04-05,Birthday,96,291,125,46,0.68,0.51,1434
46,2023-07-21,Fashion,96,35,36,18,0.48,0.73,3397
26,2023-09-27,Birthday,372,6,154,25,0.44,0.51,211
196,2023-11-26,Wedding,67,127,197,21,0.34,0.97,210
3,2023-02-24,Fashion,376,173,181,21,0.28,0.74,4710
114,2023-03-25,Corporate,169,245,39,62,0.15,0.85,4553
32,2023-01-11,Wedding,52,278,75,26,0.56,0.92,1261
1,2023-04-25,Wedding,116,218,98,37,0.42,0.64,3251
176,2023-02-27,Graduation,86,56,57,26,0.96,0.64,724
158,2023-06-20,Wedding,184,43,11,38,0.26,0.77,1585
174,2023-08-06,Birthday,457,154,159,73,0.41,0.55,4189
170,2023-07-08,Corporate,415,39,0,38,0.8,0.57,1310
100,2023-08-17,Graduation,417,34,28,147,0.48,0.86,1285
24,2023-06-15,Birthday,93,197,90,81,0.54,0.74,3491
155,2023-11-22,Corporate,70,125,98,107,0.59,0.77,4135
137,2023-10-02,Birthday,196,42,148,107,0.57,0.89,1896
180,2023-02-14,Birthday,185,1,52,4,0.43,0.74,1194
29,2023-01-31,Corporate,184,71,75,117,0.23,0.93,3549
63,2023-04-18,Birthday,28,70,30,36,0.44,0.51,3579
96,2023-01-28,Wedding,339,297,18,122,0.85,0.94,347
38,2023-07-07,Birthday,40,125,19,3,0.61,0.91,1326
196,2023-04-04,Graduation,380,71,191,135,0.73,0.65,3471
185,2023-06-22,Graduation,400,6,73,28,0.24,0.94,363
155,2023-03-30,Fashion,82,5,101,108,0.71,0.94,4639
183,2023-05-13,Fashion,256,156,181,58,0.48,0.58,853
134,2023-07-13,Birthday,380,108,102,14,0.3,0.59,4681
155,2023-02-09,Graduation,244,160,167,103,0.84,0.58,3143
166,2023-08-06,Birthday,138,55,26,19,0.43,0.89,2848
8,2023-05-03,Corporate,83,277,27,16,0.29,0.51,2632
49,2023-10-10,Birthday,326,16,61,68,0.18,0.79,467
145,2023-09-05,Wedding,24,161,23,79,0.11,0.68,2413
102,2023-09-14,Birthday,161,200,185,91,0.98,0.85,897
85,2023-07-28,Fashion,51,257,198,38,0.12,0.9,4007
151,2023-01-20,Corporate,82,77,174,118,0.17,0.81,1997
56,2023-12-15,Birthday,393,82,128,132,0.99,0.8,4386
197,2023-06-24,Graduation,402,67,86,74,0.42,0.93,3629
