Photographer_ID,Date,Event_Type,Search_Visibility,Profile_Views,Clicks,Portfolio_Interactions,Bookings,Conversion_Rate,Response_Rate,Revenue
P001,2023-01-01,Wedding,132,61,30,15,10,0.33,0.51,3000
P001,2023-01-02,Birthday,101,70,22,7,9,0.41,0.61,900
P001,2023-01-03,Fashion,112,96,76,75,23,0.3,0.54,9200
P001,2023-01-04,Wedding,146,109,105,24,2,0.02,0.51,400
P001,2023-01-05,Birthday,51,11,9,4,1,0.11,0.75,100
P001,2023-01-06,Fashion,93,69,22,1,11,0.5,0.6,5500
P001,2023-01-07,Graduation,87,31,30,12,8,0.27,0.61,4000
P001,2023-01-08,Corporate,78,68,43,28,15,0.35,0.9,1500
P001,2023-01-09,Birthday,44,12,6,3,2,0.33,0.85,600
P001,2023-01-10,Corporate,50,18,8,2,3,0.38,0.58,900
P001,2023-01-11,Wedding,118,69,15,2,1,0.07,0.55,100
P001,2023-01-12,Corporate,38,35,3,2,1,0.33,0.92,500
P001,2023-01-13,Corporate,140,17,16,3,0,0.0,0.9,0
P001,2023-01-14,Fashion,65,59,41,4,1,0.02,0.56,400
P001,2023-01-15,Wedding,35,31,11,4,5,0.45,0.78,2500
P001,2023-01-16,Corporate,122,72,19,12,1,0.05,0.79,100
P001,2023-01-17,Wedding,103,71,15,8,5,0.33,0.83,1500
P001,2023-01-18,Wedding,116,71,41,21,15,0.37,0.93,1500
P001,2023-01-19,Graduation,138,91,54,24,25,0.46,0.64,7500
P001,2023-01-20,Birthday,118,69,42,29,14,0.33,0.69,2800
P001,2023-01-21,Corporate,74,10,2,1,0,0.0,0.85,0
P001,2023-01-22,Fashion,38,33,2,1,1,0.5,0.82,500
P001,2023-01-23,Birthday,37,33,32,11,16,0.5,0.58,6400
P001,2023-01-24,Corporate,37,12,4,1,2,0.5,0.99,1000
P001,2023-01-25,Birthday,34,19,8,2,0,0.0,0.84,0
P002,2023-01-01,Birthday,57,16,10,8,3,0.3,0.91,900
P002,2023-01-02,Graduation,63,42,24,5,2,0.08,0.63,400
P002,2023-01-03,Fashion,73,49,23,3,0,0.0,0.94,0
P002,2023-01-04,Birthday,128,110,48,14,2,0.04,0.83,800
P002,2023-01-05,Graduation,30,14,11,7,5,0.45,0.57,1000
P002,2023-01-06,Birthday,132,36,10,3,0,0.0,0.87,0
P002,2023-01-07,Corporate,81,13,6,5,2,0.33,0.87,800
P002,2023-01-08,Fashion,72,38,37,13,6,0.16,0.7,1200
P002,2023-01-09,Birthday,88,37,3,2,0,0.0,0.75,0
P002,2023-01-10,Wedding,91,66,54,6,27,0.5,0.93,5400
P002,2023-01-11,Birthday,57,53,45,20,10,0.22,0.9,4000
P002,2023-01-12,Fashion,148,101,90,62,32,0.36,0.53,12800
P002,2023-01-13,Fashion,30,29,14,9,2,0.14,1.0,1000
P002,2023-01-14,Corporate,132,79,73,27,8,0.11,0.99,800
P002,2023-01-15,Wedding,91,46,34,24,14,0.41,0.84,7000
P002,2023-01-16,Corporate,88,41,33,24,8,0.24,0.88,2400
P002,2023-01-17,Wedding,81,71,59,52,11,0.19,0.65,2200
P002,2023-01-18,Graduation,68,11,4,1,0,0.0,0.5,0
P002,2023-01-19,Fashion,142,90,60,49,1,0.02,0.88,500
P002,2023-01-20,Wedding,31,14,2,1,0,0.0,0.94,0
P002,2023-01-21,Fashion,48,11,6,4,1,0.17,0.8,200
P002,2023-01-22,Corporate,61,15,8,4,2,0.25,0.88,1000
P002,2023-01-23,Fashion,85,26,7,5,3,0.43,0.96,1500
P002,2023-01-24,Corporate,127,79,12,1,0,0.0,0.74,0
P002,2023-01-25,Corporate,88,79,4,3,2,0.5,0.94,600
P003,2023-01-01,Birthday,119,76,20,7,3,0.15,0.53,1500
P003,2023-01-02,Wedding,134,42,41,39,17,0.41,0.54,6800
P003,2023-01-03,Wedding,133,10,4,1,0,0.0,0.99,0
P003,2023-01-04,Birthday,79,32,31,10,2,0.06,0.56,800
P003,2023-01-05,Fashion,36,25,17,9,3,0.18,0.58,1500
P003,2023-01-06,Fashion,89,11,2,1,1,0.5,0.71,200
P003,2023-01-07,Fashion,41,14,6,3,2,0.33,0.88,400
P003,2023-01-08,Corporate,38,18,4,3,2,0.5,0.7,600
P003,2023-01-09,Graduation,49,33,23,1,7,0.3,0.95,2800
P003,2023-01-10,Wedding,145,84,73,36,19,0.26,0.62,1900
P003,2023-01-11,Corporate,128,121,90,25,28,0.31,0.51,14000
P003,2023-01-12,Birthday,47,27,3,2,0,0.0,0.79,0
P003,2023-01-13,Wedding,109,70,42,36,0,0.0,0.85,0
P003,2023-01-14,Birthday,97,42,15,5,7,0.47,0.53,700
P003,2023-01-15,Corporate,49,17,8,3,0,0.0,0.54,0
P003,2023-01-16,Corporate,62,57,13,11,2,0.15,0.83,400
P003,2023-01-17,Fashion,115,31,15,14,5,0.33,0.57,2500
P003,2023-01-18,Fashion,131,118,52,8,26,0.5,0.74,10400
P003,2023-01-19,Graduation,56,43,22,1,11,0.5,0.6,1100
P003,2023-01-20,Graduation,140,70,49,19,3,0.06,0.68,1200
P003,2023-01-21,Graduation,64,58,18,12,4,0.22,0.93,400
P003,2023-01-22,Wedding,35,12,10,5,4,0.4,0.53,1200
P003,2023-01-23,Wedding,142,55,54,31,2,0.04,0.62,400
P003,2023-01-24,Fashion,89,72,33,23,0,0.0,0.72,0
P003,2023-01-25,Birthday,96,27,26,10,5,0.19,0.64,1000
P004,2023-01-01,Wedding,87,76,47,24,17,0.36,0.72,8500
P004,2023-01-02,Wedding,61,56,23,2,10,0.43,0.53,5000
P004,2023-01-03,Wedding,135,11,2,1,1,0.5,0.98,200
P004,2023-01-04,Birthday,62,18,12,6,6,0.5,0.7,2400
P004,2023-01-05,Birthday,122,51,27,3,1,0.04,0.93,100
P004,2023-01-06,Birthday,54,33,14,12,1,0.07,0.69,400
P004,2023-01-07,Corporate,36,34,5,1,0,0.0,0.96,0
P004,2023-01-08,Corporate,37,23,17,14,2,0.12,0.71,1000
P004,2023-01-09,Graduation,116,24,3,2,1,0.33,0.58,300
P004,2023-01-10,Birthday,116,72,52,25,25,0.48,0.98,12500
P004,2023-01-11,Fashion,92,71,23,22,0,0.0,0.53,0
P004,2023-01-12,Wedding,81,51,7,6,2,0.29,0.53,800
P004,2023-01-13,Fashion,89,17,6,4,3,0.5,0.96,1500
P004,2023-01-14,Birthday,137,14,8,4,4,0.5,0.53,2000
P004,2023-01-15,Wedding,125,103,48,35,22,0.46,0.93,2200
P004,2023-01-16,Fashion,69,61,17,13,1,0.06,0.53,200
P004,2023-01-17,Graduation,135,39,20,17,7,0.35,0.56,3500
P004,2023-01-18,Birthday,92,28,27,23,9,0.33,0.79,900
P004,2023-01-19,Fashion,130,99,63,23,30,0.48,0.54,15000
P004,2023-01-20,Fashion,38,21,2,1,1,0.5,0.76,300
P004,2023-01-21,Birthday,30,24,3,2,1,0.33,0.83,300
P004,2023-01-22,Birthday,147,57,26,8,12,0.46,0.63,2400
P004,2023-01-23,Corporate,146,138,17,13,6,0.35,0.73,600
P004,2023-01-24,Wedding,93,72,70,22,28,0.4,0.73,14000
P004,2023-01-25,Wedding,148,85,27,16,2,0.07,0.54,400
P005,2023-01-01,Fashion,130,95,58,29,13,0.22,0.63,3900
P005,2023-01-02,Wedding,121,78,48,30,13,0.27,0.94,3900
P005,2023-01-03,Corporate,91,78,77,16,25,0.32,0.58,12500
P005,2023-01-04,Corporate,119,57,22,7,3,0.14,0.81,1500
P005,2023-01-05,Wedding,62,39,38,23,9,0.24,0.83,4500
P005,2023-01-06,Corporate,147,78,35,31,9,0.26,0.97,900
P005,2023-01-07,Birthday,48,41,2,1,1,0.5,0.63,100
P005,2023-01-08,Fashion,98,13,9,8,1,0.11,0.58,300
P005,2023-01-09,Fashion,142,137,85,24,11,0.13,0.61,3300
P005,2023-01-10,Birthday,79,44,34,33,10,0.29,0.84,3000
P005,2023-01-11,Fashion,130,21,4,1,0,0.0,0.74,0
P005,2023-01-12,Wedding,69,19,12,2,4,0.33,0.82,1200
P005,2023-01-13,Wedding,144,44,24,17,9,0.38,0.5,1800
P005,2023-01-14,Corporate,37,35,11,10,5,0.45,0.58,2000
P005,2023-01-15,Fashion,63,60,42,7,3,0.07,0.85,1500
P005,2023-01-16,Wedding,87,84,30,24,3,0.1,0.56,600
P005,2023-01-17,Fashion,118,30,26,4,9,0.35,0.52,2700
P005,2023-01-18,Fashion,130,82,25,3,0,0.0,0.78,0
P005,2023-01-19,Birthday,128,121,37,18,16,0.43,0.52,4800
P005,2023-01-20,Wedding,132,105,25,23,4,0.16,0.95,800
P005,2023-01-21,Birthday,41,26,24,13,6,0.25,0.83,1800
P005,2023-01-22,Fashion,118,108,106,30,16,0.15,0.94,6400
P005,2023-01-23,Fashion,142,71,14,11,2,0.14,0.87,400
P005,2023-01-24,Birthday,78,21,10,3,3,0.3,0.99,600
P005,2023-01-25,Graduation,38,16,13,4,2,0.15,0.51,600
P006,2023-01-01,Graduation,140,126,70,12,24,0.34,0.9,4800
P006,2023-01-02,Corporate,81,62,24,16,8,0.33,0.58,800
P006,2023-01-03,Graduation,68,54,43,39,13,0.3,0.94,5200
P006,2023-01-04,Birthday,124,14,4,3,0,0.0,0.6,0
P006,2023-01-05,Corporate,136,84,19,15,8,0.42,0.65,1600
P006,2023-01-06,Birthday,103,67,18,6,6,0.33,0.51,1200
P006,2023-01-07,Graduation,75,22,9,2,0,0.0,0.66,0
P006,2023-01-08,Corporate,79,36,3,1,0,0.0,0.68,0
P006,2023-01-09,Graduation,66,47,20,8,0,0.0,0.84,0
P006,2023-01-10,Corporate,115,26,8,1,4,0.5,0.97,400
P006,2023-01-11,Corporate,33,13,7,4,2,0.29,0.59,600
P006,2023-01-12,Wedding,48,36,11,10,2,0.18,0.55,800
P006,2023-01-13,Corporate,68,12,3,2,1,0.33,0.86,300
P006,2023-01-14,Graduation,87,29,9,5,0,0.0,0.8,0
P006,2023-01-15,Wedding,68,10,4,1,1,0.25,0.69,500
P006,2023-01-16,Birthday,92,34,25,1,5,0.2,0.63,2000
P006,2023-01-17,Wedding,146,143,59,44,12,0.2,0.76,6000
P006,2023-01-18,Birthday,61,54,48,21,15,0.31,0.68,1500
P006,2023-01-19,Corporate,147,29,26,18,8,0.31,0.81,800
P006,2023-01-20,Corporate,78,23,16,15,0,0.0,0.75,0
P006,2023-01-21,Corporate,146,63,55,3,15,0.27,0.7,4500
P006,2023-01-22,Fashion,116,66,12,10,5,0.42,0.56,2000
P006,2023-01-23,Graduation,105,33,29,21,7,0.24,0.84,1400
P006,2023-01-24,Fashion,121,45,27,8,9,0.33,0.78,3600
P006,2023-01-25,Fashion,89,59,29,28,4,0.14,0.92,1200
P007,2023-01-01,Corporate,70,45,28,22,14,0.5,0.61,7000
P007,2023-01-02,Fashion,46,18,2,1,0,0.0,0.83,0
P007,2023-01-03,Graduation,113,86,30,13,13,0.43,0.72,2600
P007,2023-01-04,Fashion,64,15,3,1,1,0.33,0.74,200
P007,2023-01-05,Wedding,98,56,26,2,9,0.35,0.64,4500
P007,2023-01-06,Corporate,85,39,6,1,1,0.17,0.55,200
P007,2023-01-07,Corporate,94,27,16,1,4,0.25,0.61,800
P007,2023-01-08,Birthday,55,34,23,17,0,0.0,0.51,0
P007,2023-01-09,Graduation,127,114,100,1,20,0.2,0.81,2000
P007,2023-01-10,Graduation,141,64,7,4,0,0.0,0.71,0
P007,2023-01-11,Birthday,98,14,7,3,0,0.0,0.86,0
P007,2023-01-12,Graduation,52,46,38,10,9,0.24,0.7,1800
P007,2023-01-13,Wedding,112,26,22,14,8,0.36,0.95,800
P007,2023-01-14,Graduation,139,10,4,1,0,0.0,0.61,0
P007,2023-01-15,Graduation,33,10,2,1,1,0.5,0.53,200
P007,2023-01-16,Wedding,61,43,29,8,6,0.21,0.73,2400
P007,2023-01-17,Fashion,55,43,4,3,1,0.25,0.99,500
P007,2023-01-18,Corporate,41,10,7,4,0,0.0,0.98,0
P007,2023-01-19,Fashion,123,103,58,17,15,0.26,0.91,7500
P007,2023-01-20,Graduation,76,32,16,5,4,0.25,0.92,2000
P007,2023-01-21,Graduation,43,11,4,3,1,0.25,0.95,400
P007,2023-01-22,Graduation,93,47,35,18,14,0.4,0.63,2800
P007,2023-01-23,Corporate,120,60,35,33,14,0.4,0.88,7000
P007,2023-01-24,Graduation,59,51,18,5,3,0.17,0.81,900
P007,2023-01-25,Graduation,39,33,18,10,0,0.0,0.54,0
P008,2023-01-01,Birthday,113,97,70,34,5,0.07,0.64,1500
P008,2023-01-02,Fashion,82,75,44,11,18,0.41,0.54,3600
P008,2023-01-03,Birthday,140,89,76,16,7,0.09,0.69,1400
P008,2023-01-04,Birthday,33,17,5,4,0,0.0,0.53,0
P008,2023-01-05,Corporate,96,76,28,18,12,0.43,0.77,4800
P008,2023-01-06,Wedding,80,28,22,5,1,0.05,0.6,400
P008,2023-01-07,Graduation,121,51,23,21,5,0.22,0.95,2500
P008,2023-01-08,Wedding,30,14,10,2,0,0.0,0.93,0
P008,2023-01-09,Graduation,107,99,46,27,8,0.17,0.74,2400
P008,2023-01-10,Corporate,55,31,16,8,0,0.0,0.88,0
P008,2023-01-11,Fashion,55,45,2,1,1,0.5,0.87,500
P008,2023-01-12,Fashion,142,108,53,15,14,0.26,0.95,5600
P008,2023-01-13,Birthday,85,23,15,8,1,0.07,0.64,400
P008,2023-01-14,Wedding,138,35,15,11,7,0.47,0.69,2800
P008,2023-01-15,Birthday,144,16,4,3,2,0.5,0.92,400
P008,2023-01-16,Fashion,139,116,112,109,17,0.15,0.77,6800
P008,2023-01-17,Fashion,67,44,16,9,6,0.38,0.78,600
P008,2023-01-18,Wedding,130,37,11,7,0,0.0,0.82,0
P008,2023-01-19,Graduation,46,31,27,12,8,0.3,0.59,2400
P008,2023-01-20,Graduation,46,22,21,4,9,0.43,0.66,3600
P008,2023-01-21,Corporate,96,27,16,4,5,0.31,0.67,2000
P008,2023-01-22,Corporate,63,56,9,8,0,0.0,0.88,0
P008,2023-01-23,Corporate,137,92,43,41,4,0.09,0.92,1600
P008,2023-01-24,Wedding,35,29,27,2,10,0.37,0.87,1000
P008,2023-01-25,Corporate,85,68,34,22,5,0.15,0.61,500
P009,2023-01-01,Wedding,99,13,12,8,6,0.5,0.88,1200
P009,2023-01-02,Birthday,38,32,4,3,2,0.5,0.92,1000
P009,2023-01-03,Birthday,69,46,37,24,5,0.14,0.62,2000
P009,2023-01-04,Wedding,95,93,76,4,14,0.18,0.78,2800
P009,2023-01-05,Graduation,35,31,18,6,2,0.11,0.85,600
P009,2023-01-06,Birthday,91,66,3,1,0,0.0,0.8,0
P009,2023-01-07,Birthday,37,35,6,2,1,0.17,0.98,100
P009,2023-01-08,Fashion,97,28,21,1,3,0.14,0.51,900
P009,2023-01-09,Fashion,142,56,2,1,1,0.5,0.84,400
P009,2023-01-10,Graduation,43,20,5,1,2,0.4,0.97,400
P009,2023-01-11,Wedding,32,10,7,2,3,0.43,0.8,600
P009,2023-01-12,Wedding,39,14,8,2,3,0.38,0.85,900
P009,2023-01-13,Fashion,31,22,9,2,3,0.33,0.9,1500
P009,2023-01-14,Wedding,94,72,18,9,7,0.39,0.67,2800
P009,2023-01-15,Corporate,67,64,36,30,16,0.44,0.53,4800
P009,2023-01-16,Wedding,98,71,61,44,17,0.28,0.92,6800
P009,2023-01-17,Wedding,107,84,10,2,3,0.3,0.72,900
P009,2023-01-18,Graduation,128,44,2,1,1,0.5,0.85,400
P009,2023-01-19,Birthday,93,31,29,8,10,0.34,0.87,3000
P009,2023-01-20,Fashion,134,110,15,12,5,0.33,0.9,2500
P009,2023-01-21,Graduation,64,30,6,5,2,0.33,0.73,1000
P009,2023-01-22,Corporate,107,35,5,1,0,0.0,0.66,0
P009,2023-01-23,Wedding,71,34,19,8,7,0.37,0.64,2800
P009,2023-01-24,Birthday,68,49,15,3,4,0.27,0.88,2000
P009,2023-01-25,Fashion,67,42,24,15,0,0.0,0.83,0
P010,2023-01-01,Wedding,54,26,2,1,0,0.0,0.75,0
P010,2023-01-02,Birthday,148,62,41,40,18,0.44,0.74,5400
P010,2023-01-03,Corporate,68,60,7,6,2,0.29,0.67,1000
P010,2023-01-04,Corporate,36,28,9,2,3,0.33,0.78,1500
P010,2023-01-05,Birthday,44,38,34,30,6,0.18,0.54,2400
P010,2023-01-06,Graduation,56,45,30,6,8,0.27,0.78,1600
P010,2023-01-07,Graduation,126,110,28,23,0,0.0,0.82,0
P010,2023-01-08,Graduation,97,95,67,10,4,0.06,0.9,400
P010,2023-01-09,Corporate,103,47,14,4,4,0.29,0.61,800
P010,2023-01-10,Corporate,117,61,57,15,28,0.49,0.83,8400
P010,2023-01-11,Graduation,37,14,5,4,0,0.0,0.78,0
P010,2023-01-12,Graduation,31,28,20,4,3,0.15,1.0,1500
P010,2023-01-13,Corporate,55,52,28,5,3,0.11,0.68,1200
P010,2023-01-14,Corporate,40,39,11,8,5,0.45,0.65,1000
P010,2023-01-15,Wedding,35,17,8,7,1,0.12,0.86,300
P010,2023-01-16,Wedding,75,21,14,8,5,0.36,0.87,1000
P010,2023-01-17,Birthday,111,98,61,43,11,0.18,0.61,4400
P010,2023-01-18,Corporate,137,109,69,5,7,0.1,0.86,3500
P010,2023-01-19,Fashion,135,122,93,31,8,0.09,0.64,800
P010,2023-01-20,Birthday,147,60,30,14,7,0.23,0.65,2100
P010,2023-01-21,Birthday,70,31,12,7,0,0.0,0.65,0
P010,2023-01-22,Birthday,75,30,27,14,3,0.11,0.64,300
P010,2023-01-23,Fashion,83,66,2,1,0,0.0,0.65,0
P010,2023-01-24,Graduation,83,64,52,40,14,0.27,0.55,1400
P010,2023-01-25,Fashion,50,18,6,1,1,0.17,0.64,400
P011,2023-01-01,Graduation,81,66,54,26,8,0.15,0.67,800
P011,2023-01-02,Corporate,64,61,26,11,5,0.19,0.97,2000
P011,2023-01-03,Wedding,31,16,3,1,1,0.33,0.91,400
P011,2023-01-04,Graduation,120,26,12,11,3,0.25,0.54,300
P011,2023-01-05,Birthday,80,63,25,7,3,0.12,0.57,1500
P011,2023-01-06,Corporate,99,97,34,29,10,0.29,0.54,2000
P011,2023-01-07,Wedding,51,35,29,18,4,0.14,0.78,1600
P011,2023-01-08,Fashion,78,58,21,8,0,0.0,0.8,0
P011,2023-01-09,Birthday,100,10,9,5,2,0.22,0.89,800
P011,2023-01-10,Graduation,85,71,33,30,16,0.48,0.95,4800
P011,2023-01-11,Fashion,74,38,31,16,7,0.23,1.0,2100
P011,2023-01-12,Fashion,48,27,2,1,1,0.5,0.81,500
P011,2023-01-13,Wedding,144,122,115,94,37,0.32,0.97,7400
P011,2023-01-14,Birthday,80,72,5,1,0,0.0,0.63,0
P011,2023-01-15,Birthday,84,12,11,10,2,0.18,0.62,1000
P011,2023-01-16,Wedding,139,133,88,55,27,0.31,0.58,10800
P011,2023-01-17,Graduation,61,59,8,5,0,0.0,0.84,0
P011,2023-01-18,Corporate,86,76,60,8,21,0.35,0.52,6300
P011,2023-01-19,Corporate,140,76,52,33,14,0.27,0.85,5600
P011,2023-01-20,Wedding,37,11,4,2,1,0.25,0.84,300
P011,2023-01-21,Fashion,136,25,5,4,0,0.0,0.83,0
P011,2023-01-22,Graduation,83,23,17,2,6,0.35,0.56,1200
P011,2023-01-23,Birthday,103,16,2,1,0,0.0,0.95,0
P011,2023-01-24,Wedding,114,28,17,13,2,0.12,0.53,600
P011,2023-01-25,Fashion,65,38,19,2,0,0.0,0.87,0
P012,2023-01-01,Corporate,76,29,12,10,6,0.5,0.72,2400
P012,2023-01-02,Corporate,31,12,8,7,3,0.38,0.85,900
P012,2023-01-03,Fashion,49,14,6,1,1,0.17,0.77,400
P012,2023-01-04,Wedding,82,53,36,22,11,0.31,0.8,4400
P012,2023-01-05,Corporate,53,26,11,8,2,0.18,0.8,200
P012,2023-01-06,Wedding,139,137,115,81,13,0.11,0.61,6500
P012,2023-01-07,Fashion,38,17,3,1,0,0.0,0.98,0
P012,2023-01-08,Fashion,132,82,23,11,3,0.13,0.52,600
P012,2023-01-09,Graduation,55,38,35,23,4,0.11,0.76,1600
P012,2023-01-10,Corporate,104,79,19,10,3,0.16,0.59,1500
P012,2023-01-11,Graduation,70,47,35,17,4,0.11,0.82,1600
P012,2023-01-12,Wedding,54,47,13,7,4,0.31,0.74,1600
P012,2023-01-13,Corporate,135,95,86,27,30,0.35,0.66,3000
P012,2023-01-14,Birthday,35,17,3,2,0,0.0,0.66,0
P012,2023-01-15,Corporate,82,80,11,1,1,0.09,0.83,400
P012,2023-01-16,Fashion,114,101,63,58,13,0.21,0.52,1300
P012,2023-01-17,Corporate,93,11,7,3,0,0.0,0.63,0
P012,2023-01-18,Graduation,80,62,37,26,10,0.27,0.93,1000
P012,2023-01-19,Fashion,69,20,5,1,2,0.4,0.73,200
P012,2023-01-20,Birthday,68,49,36,34,14,0.39,0.76,7000
P012,2023-01-21,Graduation,53,31,6,1,1,0.17,0.81,100
P012,2023-01-22,Birthday,65,56,21,19,2,0.1,0.63,400
P012,2023-01-23,Corporate,145,90,63,59,12,0.19,0.72,4800
P012,2023-01-24,Wedding,136,107,74,26,1,0.01,0.51,500
P012,2023-01-25,Birthday,146,82,74,40,16,0.22,0.85,4800
P013,2023-01-01,Fashion,30,20,9,2,0,0.0,0.51,0
P013,2023-01-02,Wedding,68,44,4,2,0,0.0,0.61,0
P013,2023-01-03,Graduation,137,53,52,30,5,0.1,0.97,1000
P013,2023-01-04,Graduation,127,21,20,5,10,0.5,0.97,3000
P013,2023-01-05,Fashion,78,70,18,10,8,0.44,0.85,3200
P013,2023-01-06,Graduation,84,56,13,8,2,0.15,0.99,400
P013,2023-01-07,Graduation,37,30,18,5,5,0.28,0.78,2000
P013,2023-01-08,Birthday,109,79,73,25,17,0.23,0.96,8500
P013,2023-01-09,Birthday,118,21,16,11,8,0.5,0.93,2400
P013,2023-01-10,Graduation,138,35,33,10,15,0.45,0.67,7500
P013,2023-01-11,Corporate,100,26,24,21,5,0.21,0.91,1500
P013,2023-01-12,Corporate,36,23,16,5,6,0.38,0.92,3000
P013,2023-01-13,Graduation,38,28,17,8,1,0.06,0.93,400
P013,2023-01-14,Fashion,88,48,36,18,9,0.25,0.74,2700
P013,2023-01-15,Fashion,132,26,15,8,2,0.13,0.88,800
P013,2023-01-16,Graduation,137,69,46,34,2,0.04,0.97,400
P013,2023-01-17,Birthday,66,52,41,26,11,0.27,0.79,2200
P013,2023-01-18,Graduation,68,24,18,4,5,0.28,0.52,2000
P013,2023-01-19,Graduation,54,22,19,1,9,0.47,0.69,1800
P013,2023-01-20,Graduation,137,135,56,35,9,0.16,0.98,1800
P013,2023-01-21,Fashion,63,39,14,13,1,0.07,0.98,300
P013,2023-01-22,Wedding,61,41,36,29,16,0.44,0.94,6400
P013,2023-01-23,Wedding,122,71,58,16,23,0.4,0.76,9200
P013,2023-01-24,Wedding,137,120,11,9,3,0.27,0.86,1200
P013,2023-01-25,Birthday,34,10,7,1,2,0.29,0.54,600
P014,2023-01-01,Corporate,74,23,19,4,1,0.05,0.81,400
P014,2023-01-02,Wedding,91,46,26,16,0,0.0,0.93,0
P014,2023-01-03,Graduation,82,24,18,4,9,0.5,0.98,3600
P014,2023-01-04,Fashion,66,46,44,6,6,0.14,0.52,600
P014,2023-01-05,Birthday,85,72,47,24,10,0.21,0.82,3000
P014,2023-01-06,Birthday,91,86,26,7,3,0.12,0.87,1200
P014,2023-01-07,Wedding,33,17,5,1,2,0.4,0.88,200
P014,2023-01-08,Graduation,83,66,27,9,0,0.0,0.58,0
P014,2023-01-09,Wedding,32,15,6,5,1,0.17,0.52,100
P014,2023-01-10,Corporate,76,58,10,3,3,0.3,0.68,1200
P014,2023-01-11,Birthday,142,70,36,18,16,0.44,0.62,6400
P014,2023-01-12,Fashion,117,12,4,2,0,0.0,0.84,0
P014,2023-01-13,Birthday,149,134,90,73,3,0.03,0.59,1500
P014,2023-01-14,Graduation,43,20,10,8,2,0.2,0.81,400
P014,2023-01-15,Graduation,121,38,10,3,0,0.0,0.96,0
P014,2023-01-16,Birthday,127,85,43,9,14,0.33,0.73,4200
P014,2023-01-17,Graduation,69,34,6,3,2,0.33,0.63,200
P014,2023-01-18,Graduation,127,97,80,38,7,0.09,0.95,3500
P014,2023-01-19,Birthday,34,25,19,6,4,0.21,0.54,1200
P014,2023-01-20,Fashion,89,57,14,12,4,0.29,0.65,1600
P014,2023-01-21,Corporate,106,90,41,32,18,0.44,0.73,5400
P014,2023-01-22,Birthday,87,76,57,40,1,0.02,1.0,400
P014,2023-01-23,Wedding,69,36,14,13,0,0.0,0.62,0
P014,2023-01-24,Corporate,35,33,20,16,7,0.35,0.79,2100
P014,2023-01-25,Wedding,121,106,60,59,15,0.25,0.99,6000
P015,2023-01-01,Corporate,70,22,12,9,4,0.33,0.5,400
P015,2023-01-02,Fashion,71,45,28,6,11,0.39,0.87,3300
P015,2023-01-03,Birthday,36,14,12,10,0,0.0,0.8,0
P015,2023-01-04,Birthday,144,40,24,10,9,0.38,0.82,4500
P015,2023-01-05,Corporate,61,52,31,7,14,0.45,0.84,2800
P015,2023-01-06,Wedding,111,109,3,2,0,0.0,0.95,0
P015,2023-01-07,Corporate,122,21,8,2,4,0.5,0.89,400
P015,2023-01-08,Fashion,75,36,18,8,1,0.06,0.68,200
P015,2023-01-09,Wedding,89,73,36,6,18,0.5,0.95,5400
P015,2023-01-10,Graduation,59,16,11,9,1,0.09,0.59,200
P015,2023-01-11,Fashion,92,37,16,14,4,0.25,0.94,1200
P015,2023-01-12,Fashion,122,31,5,4,1,0.2,0.75,300
P015,2023-01-13,Birthday,97,73,18,12,5,0.28,0.63,2000
P015,2023-01-14,Corporate,46,19,2,1,1,0.5,0.87,300
P015,2023-01-15,Wedding,119,91,51,14,14,0.27,0.73,1400
P015,2023-01-16,Birthday,58,21,5,3,2,0.4,0.88,400
P015,2023-01-17,Graduation,81,16,14,11,0,0.0,0.98,0
P015,2023-01-18,Corporate,35,24,16,3,6,0.38,0.55,2400
P015,2023-01-19,Wedding,55,43,35,29,3,0.09,0.63,300
P015,2023-01-20,Graduation,110,108,14,9,6,0.43,0.68,1800
P015,2023-01-21,Fashion,44,38,30,11,3,0.1,0.69,900
P015,2023-01-22,Wedding,61,11,5,2,2,0.4,0.84,800
P015,2023-01-23,Wedding,56,12,2,1,1,0.5,0.81,500
P015,2023-01-24,Corporate,137,65,29,21,14,0.48,0.96,2800
P015,2023-01-25,Wedding,109,68,7,3,0,0.0,0.82,0
P016,2023-01-01,Corporate,98,12,2,1,1,0.5,0.82,100
P016,2023-01-02,Birthday,67,24,3,1,0,0.0,0.52,0
P016,2023-01-03,Corporate,93,34,25,12,1,0.04,1.0,100
P016,2023-01-04,Wedding,44,25,9,4,0,0.0,0.62,0
P016,2023-01-05,Birthday,46,38,9,7,2,0.22,0.69,600
P016,2023-01-06,Fashion,75,59,53,7,2,0.04,0.71,400
P016,2023-01-07,Graduation,122,73,45,24,2,0.04,0.83,800
P016,2023-01-08,Fashion,49,24,15,7,0,0.0,0.7,0
P016,2023-01-09,Wedding,137,93,10,6,0,0.0,0.85,0
P016,2023-01-10,Graduation,89,72,3,2,1,0.33,0.72,200
P016,2023-01-11,Corporate,40,22,18,8,4,0.22,0.55,1200
P016,2023-01-12,Fashion,47,39,19,14,5,0.26,0.95,1500
P016,2023-01-13,Wedding,61,20,14,9,0,0.0,0.7,0
P016,2023-01-14,Wedding,131,50,9,3,2,0.22,0.97,800
P016,2023-01-15,Wedding,117,50,18,12,8,0.44,0.83,4000
P016,2023-01-16,Wedding,75,41,16,6,5,0.31,0.53,1500
P016,2023-01-17,Birthday,121,29,2,1,1,0.5,0.99,500
P016,2023-01-18,Birthday,69,41,34,2,0,0.0,0.53,0
P016,2023-01-19,Birthday,62,50,14,1,4,0.29,0.79,800
P016,2023-01-20,Corporate,145,112,67,38,25,0.37,0.89,12500
P016,2023-01-21,Wedding,75,24,3,2,0,0.0,0.64,0
P016,2023-01-22,Birthday,73,58,41,11,2,0.05,0.77,400
P016,2023-01-23,Wedding,35,18,7,1,2,0.29,0.83,200
P016,2023-01-24,Birthday,124,41,13,8,1,0.08,0.51,200
P016,2023-01-25,Fashion,121,71,63,47,26,0.41,0.66,5200
P017,2023-01-01,Corporate,36,20,17,4,5,0.29,0.53,2000
P017,2023-01-02,Fashion,87,31,27,3,8,0.3,0.56,800
P017,2023-01-03,Graduation,89,23,12,2,5,0.42,0.72,1500
P017,2023-01-04,Fashion,41,32,13,9,4,0.31,0.8,1600
P017,2023-01-05,Fashion,144,131,56,46,3,0.05,0.61,1500
P017,2023-01-06,Wedding,74,17,14,7,4,0.29,0.86,2000
P017,2023-01-07,Corporate,84,41,19,6,1,0.05,0.73,100
P017,2023-01-08,Wedding,112,31,6,1,2,0.33,1.0,800
P017,2023-01-09,Graduation,32,19,4,1,0,0.0,0.84,0
P017,2023-01-10,Graduation,83,72,8,4,0,0.0,0.54,0
P017,2023-01-11,Corporate,123,94,32,26,4,0.12,0.8,400
P017,2023-01-12,Birthday,33,21,19,17,2,0.11,0.64,1000
P017,2023-01-13,Fashion,125,114,37,34,3,0.08,0.86,1200
P017,2023-01-14,Fashion,95,88,35,6,6,0.17,0.77,2400
P017,2023-01-15,Fashion,71,60,52,12,2,0.04,0.8,200
P017,2023-01-16,Wedding,138,27,9,5,0,0.0,0.93,0
P017,2023-01-17,Birthday,128,35,9,4,1,0.11,0.72,200
P017,2023-01-18,Graduation,73,23,15,2,6,0.4,0.67,2400
P017,2023-01-19,Graduation,66,14,7,5,0,0.0,0.71,0
P017,2023-01-20,Corporate,91,69,15,8,6,0.4,0.71,1800
P017,2023-01-21,Corporate,118,93,3,1,1,0.33,0.98,400
P017,2023-01-22,Wedding,46,34,26,2,2,0.08,0.55,200
P017,2023-01-23,Wedding,130,14,2,1,1,0.5,0.72,300
P017,2023-01-24,Birthday,105,65,37,23,14,0.38,0.78,7000
P017,2023-01-25,Fashion,60,20,11,3,5,0.45,0.78,500
P018,2023-01-01,Graduation,43,25,11,10,3,0.27,0.68,1200
P018,2023-01-02,Wedding,123,114,2,1,0,0.0,0.98,0
P018,2023-01-03,Corporate,49,17,12,1,0,0.0,0.68,0
P018,2023-01-04,Fashion,93,37,13,5,0,0.0,0.61,0
P018,2023-01-05,Birthday,142,129,45,28,14,0.31,0.92,4200
P018,2023-01-06,Fashion,108,15,13,11,4,0.31,0.68,1200
P018,2023-01-07,Fashion,49,23,3,1,0,0.0,0.61,0
P018,2023-01-08,Fashion,66,29,27,1,6,0.22,0.99,3000
P018,2023-01-09,Fashion,64,15,6,5,2,0.33,0.84,1000
P018,2023-01-10,Wedding,98,42,15,12,1,0.07,0.8,300
P018,2023-01-11,Wedding,49,33,28,11,13,0.46,0.59,3900
P018,2023-01-12,Corporate,127,98,51,29,24,0.47,0.68,4800
P018,2023-01-13,Birthday,68,40,24,12,5,0.21,0.78,2000
P018,2023-01-14,Wedding,113,32,31,13,3,0.1,0.57,300
P018,2023-01-15,Wedding,109,59,43,8,17,0.4,0.87,3400
P018,2023-01-16,Graduation,114,10,8,5,4,0.5,0.71,1200
P018,2023-01-17,Birthday,140,95,48,34,0,0.0,0.69,0
P018,2023-01-18,Fashion,84,52,11,2,1,0.09,0.8,100
P018,2023-01-19,Birthday,46,35,9,7,0,0.0,0.58,0
P018,2023-01-20,Wedding,105,100,73,46,3,0.04,0.84,900
P018,2023-01-21,Graduation,62,10,4,3,1,0.25,0.83,400
P018,2023-01-22,Fashion,82,57,6,1,1,0.17,0.72,300
P018,2023-01-23,Birthday,91,75,65,6,8,0.12,0.88,800
P018,2023-01-24,Corporate,62,50,26,16,12,0.46,0.71,3600
P018,2023-01-25,Fashion,102,86,32,9,10,0.31,0.74,3000
P019,2023-01-01,Wedding,97,13,7,3,1,0.14,0.61,500
P019,2023-01-02,Wedding,127,91,14,9,6,0.43,0.5,1800
P019,2023-01-03,Birthday,112,84,2,1,1,0.5,0.88,300
P019,2023-01-04,Corporate,83,80,16,1,6,0.38,0.66,600
P019,2023-01-05,Graduation,44,30,20,1,0,0.0,0.87,0
P019,2023-01-06,Birthday,125,122,36,26,10,0.28,0.69,2000
P019,2023-01-07,Fashion,128,81,79,74,1,0.01,0.78,300
P019,2023-01-08,Wedding,75,18,4,1,1,0.25,0.7,100
P019,2023-01-09,Graduation,101,57,3,2,1,0.33,0.51,100
P019,2023-01-10,Corporate,146,21,6,2,3,0.5,0.79,1500
P019,2023-01-11,Graduation,66,24,13,4,6,0.46,0.85,2400
P019,2023-01-12,Corporate,72,57,24,6,1,0.04,0.56,100
P019,2023-01-13,Corporate,137,132,22,11,6,0.27,0.59,3000
P019,2023-01-14,Graduation,109,56,54,15,24,0.44,0.92,7200
P019,2023-01-15,Wedding,65,20,16,4,4,0.25,0.72,400
P019,2023-01-16,Birthday,42,31,20,2,3,0.15,0.72,1200
P019,2023-01-17,Fashion,141,126,53,46,26,0.49,0.54,7800
P019,2023-01-18,Corporate,58,56,29,3,7,0.24,0.61,1400
P019,2023-01-19,Wedding,45,39,19,2,0,0.0,0.76,0
P019,2023-01-20,Fashion,106,13,11,9,5,0.45,0.75,1500
P019,2023-01-21,Corporate,104,16,13,10,6,0.46,0.86,1200
P019,2023-01-22,Birthday,42,40,8,7,0,0.0,0.55,0
P019,2023-01-23,Birthday,71,70,43,36,19,0.44,0.59,3800
P019,2023-01-24,Wedding,97,16,7,1,3,0.43,0.59,1200
P019,2023-01-25,Graduation,149,115,48,13,22,0.46,0.88,11000
P020,2023-01-01,Graduation,51,30,23,9,9,0.39,0.84,4500
P020,2023-01-02,Fashion,38,24,11,8,1,0.09,0.66,300
P020,2023-01-03,Birthday,71,17,9,8,0,0.0,0.72,0
P020,2023-01-04,Graduation,55,36,5,2,2,0.4,0.82,600
P020,2023-01-05,Fashion,129,69,40,10,17,0.42,0.53,8500
P020,2023-01-06,Wedding,48,45,11,1,1,0.09,0.66,400
P020,2023-01-07,Wedding,98,56,50,35,11,0.22,0.53,3300
P020,2023-01-08,Wedding,127,42,22,17,5,0.23,0.82,500
P020,2023-01-09,Fashion,77,46,16,3,6,0.38,0.8,2400
P020,2023-01-10,Graduation,61,20,11,9,5,0.45,0.79,500
P020,2023-01-11,Graduation,106,66,63,25,1,0.02,0.95,500
P020,2023-01-12,Birthday,93,44,8,5,1,0.12,0.66,400
P020,2023-01-13,Fashion,96,51,40,11,6,0.15,0.58,600
P020,2023-01-14,Graduation,53,28,5,2,1,0.2,0.55,300
P020,2023-01-15,Wedding,71,41,40,36,7,0.17,0.75,1400
P020,2023-01-16,Wedding,130,106,37,3,8,0.22,0.62,3200
P020,2023-01-17,Graduation,37,10,4,2,0,0.0,0.76,0
P020,2023-01-18,Birthday,132,77,14,1,3,0.21,0.68,900
P020,2023-01-19,Graduation,31,14,13,11,4,0.31,0.7,1200
P020,2023-01-20,Fashion,37,15,9,2,2,0.22,0.53,600
P020,2023-01-21,Wedding,147,53,4,2,1,0.25,0.66,500
P020,2023-01-22,Graduation,31,21,3,2,0,0.0,0.64,0
P020,2023-01-23,Birthday,64,43,24,20,7,0.29,0.67,3500
P020,2023-01-24,Birthday,51,45,6,5,0,0.0,0.96,0
P020,2023-01-25,Graduation,60,56,17,10,8,0.47,0.56,800
